Name,Sport,Date,Start time,Duration,Total distance (km),Average heart rate (bpm),Average speed (km/h),Max speed (km/h),Average pace (min/km),Max pace (min/km),Calories,Fat percentage of calories(%),Carbohydrate percentage of calories(%),Protein percentage of calories(%),Average cadence (rpm),Average stride length (cm),Running index,Training load,Ascent (m),Descent (m),Average power (W),Max power (W),Notes,Height (cm),Weight (kg),HR max,HR sit,VO2max,
anton espiga,RUNNING,11-11-2025,12:38:56,00:33:06,5.89,141,10.7,15.2,05:37,03:57,324,34,65,1,89,,54,,36,40,,,,169.0,64.0,183,50,47,
Sample rate,Time,HR (bpm),Speed (km/h),Pace (min/km),Cadence,Altitude (m),Stride length (m),Distances (m),Temperatures (C),Power (W),
1,00:00:00,109,0.3,215:50,0,,,0.00,,,
,00:00:01,109,0.8,79:19,0,,,0.00,,,
,00:00:02,108,1.5,40:50,0,,,0.00,,,
,00:00:03,108,2.4,25:08,42,,,0.60,,,
,00:00:04,108,3.4,17:32,73,,,1.40,,,
,00:00:05,107,4.5,13:26,79,,,2.80,,,
,00:00:06,106,5.4,11:01,84,,,4.30,,,
,00:00:07,106,6.3,09:31,85,,,6.00,,,
,00:00:08,105,7.1,08:31,87,,,8.10,,,
,00:00:09,105,7.7,07:46,88,,,10.10,,,
,00:00:10,104,8.4,07:11,88,,,12.50,,,
,00:00:11,104,8.9,06:44,87,,,15.00,,,
,00:00:12,103,8.9,06:44,86,,,17.50,,,
,00:00:13,102,4.3,13:53,85,,,17.50,,,
,00:00:14,102,9.2,06:33,84,,,17.50,,,
,00:00:15,102,9.8,06:06,84,,,17.60,,,
,00:00:16,102,9.6,06:16,85,,,21.60,,,
,00:00:17,102,9.0,06:40,84,,,25.81,,,
,00:00:18,102,8.8,06:49,85,,,30.03,,,
,00:00:19,103,8.7,06:52,85,,,34.24,,,
,00:00:20,103,8.7,06:53,85,,,38.45,,,
,00:00:21,104,8.7,06:53,85,,,42.67,,,
,00:00:22,104,8.7,06:54,85,,,46.88,,,
,00:00:23,105,8.9,06:45,85,,,51.09,,,
,00:00:24,105,9.1,06:34,85,,,51.60,,,
,00:00:25,105,9.2,06:31,85,,,53.60,,,
,00:00:26,105,9.2,06:29,85,,,55.20,,,
,00:00:27,105,9.4,06:24,85,,,58.40,,,
,00:00:28,105,9.5,06:17,85,,,61.50,,,
,00:00:29,106,9.7,06:12,85,,,64.50,,,
,00:00:30,106,9.8,06:07,85,,,67.40,,,
,00:00:31,107,10.0,06:01,85,,,70.40,,,
,00:00:32,107,10.3,05:51,85,,,73.10,,,
,00:00:33,108,10.6,05:41,85,,,76.00,,,
,00:00:34,108,10.6,05:38,85,,,79.00,,,
,00:00:35,108,10.5,05:42,85,,,81.60,,,
,00:00:36,109,10.3,05:51,85,,,84.20,,,
,00:00:37,109,10.1,05:56,85,,,86.90,,,
,00:00:38,110,10.0,05:59,85,,,89.70,,,
,00:00:39,110,10.0,06:01,85,,,92.50,,,
,00:00:40,110,10.0,06:02,85,,,95.20,,,
,00:00:41,110,10.0,06:02,85,,,98.00,,,
,00:00:42,110,9.9,06:04,85,,,100.70,,,
,00:00:43,110,9.8,06:09,85,,,103.30,,,
,00:00:44,110,9.6,06:13,85,,,105.80,,,
,00:00:45,110,9.6,06:16,85,,,108.70,,,
,00:00:46,110,9.5,06:18,85,,,111.20,,,
,00:00:47,110,9.5,06:19,85,,,113.80,,,
,00:00:48,110,9.5,06:19,85,,,116.50,,,
,00:00:49,110,9.5,06:19,85,,,119.20,,,
,00:00:50,110,9.5,06:19,85,,,122.00,,,
,00:00:51,110,9.6,06:16,85,,,124.80,,,
,00:00:52,110,9.7,06:13,85,,,127.80,,,
,00:00:53,111,9.7,06:11,84,,,130.60,,,
,00:00:54,111,9.7,06:11,84,,,133.30,,,
,00:00:55,111,9.7,06:11,84,,,136.00,,,
,00:00:56,112,9.7,06:12,85,,,138.60,,,
,00:00:57,112,9.7,06:12,85,,,141.10,,,
,00:00:58,113,9.6,06:13,85,,,143.70,,,
,00:00:59,113,9.6,06:14,85,,,145.60,,,
,00:01:00,114,9.6,06:15,84,,,147.90,,,
,00:01:01,114,9.4,06:21,84,,,149.80,,,
,00:01:02,114,9.2,06:30,84,,,151.90,,,
,00:01:03,114,9.1,06:34,84,,,154.00,,,
,00:01:04,115,9.1,06:36,84,,,156.30,,,
,00:01:05,115,9.1,06:35,85,,,158.60,,,
,00:01:06,116,9.2,06:32,85,,,161.00,,,
,00:01:07,116,9.2,06:30,85,,,163.20,,,
,00:01:08,117,9.3,06:28,84,,,166.00,,,
,00:01:09,117,9.3,06:27,84,,,167.90,,,
,00:01:10,118,9.3,06:26,84,,,170.40,,,
,00:01:11,118,9.4,06:25,84,,,172.90,,,
,00:01:12,118,9.4,06:24,85,39,,175.40,,,
,00:01:13,118,9.4,06:23,85,37,,177.80,,,
,00:01:14,118,9.4,06:23,85,38,,180.10,,,
,00:01:15,118,9.4,06:23,85,38,,182.40,,,
,00:01:16,118,9.4,06:22,85,38,,185.10,,,
,00:01:17,118,9.4,06:22,85,38,,187.70,,,
,00:01:18,118,9.4,06:21,85,38,,190.50,,,
,00:01:19,117,9.5,06:20,85,38,,193.40,,,
,00:01:20,117,9.5,06:19,85,39,,196.20,,,
,00:01:21,117,9.5,06:18,85,39,,199.20,,,
,00:01:22,117,9.6,06:17,84,39,,201.90,,,
,00:01:23,117,9.6,06:16,84,39,,204.40,,,
,00:01:24,118,9.6,06:15,84,39,,206.90,,,
,00:01:25,118,9.6,06:15,84,39,,209.20,,,
,00:01:26,119,9.6,06:15,85,40,,211.80,,,
,00:01:27,119,9.6,06:16,84,40,,214.80,,,
,00:01:28,120,9.6,06:16,84,40,,217.30,,,
,00:01:29,120,9.6,06:16,84,40,,219.90,,,
,00:01:30,120,9.6,06:16,84,40,,222.60,,,
,00:01:31,121,9.6,06:14,84,40,,225.70,,,
,00:01:32,121,9.8,06:09,84,40,,229.30,,,
,00:01:33,121,9.9,06:02,84,40,,232.50,,,
,00:01:34,122,10.1,05:56,84,39,,235.80,,,
,00:01:35,122,10.1,05:56,84,39,,238.70,,,
,00:01:36,122,10.0,05:59,85,39,,241.20,,,
,00:01:37,123,9.9,06:03,85,39,,243.60,,,
,00:01:38,123,9.7,06:10,85,38,,245.70,,,
,00:01:39,123,9.4,06:22,85,38,,247.90,,,
,00:01:40,123,9.2,06:30,84,37,,250.00,,,
,00:01:41,123,9.2,06:32,85,37,,252.20,,,
,00:01:42,123,9.2,06:31,84,37,,254.40,,,
,00:01:43,123,9.2,06:31,84,36,,256.20,,,
,00:01:44,124,9.3,06:28,84,36,,258.80,,,
,00:01:45,124,9.3,06:26,84,35,,261.70,,,
,00:01:46,124,9.3,06:26,84,35,,264.50,,,
,00:01:47,124,9.3,06:26,84,34,,267.40,,,
,00:01:48,124,9.3,06:25,85,34,,270.30,,,
,00:01:49,124,9.4,06:25,85,33,,273.00,,,
,00:01:50,125,9.4,06:25,85,32,,275.80,,,
,00:01:51,125,9.4,06:25,85,32,,277.90,,,
,00:01:52,125,9.3,06:25,85,32,,280.60,,,
,00:01:53,126,9.3,06:26,85,31,,282.60,,,
,00:01:54,126,9.4,06:25,85,31,,285.10,,,
,00:01:55,126,9.4,06:24,85,30,,288.20,,,
,00:01:56,127,9.4,06:25,85,30,,290.70,,,
,00:01:57,127,9.3,06:26,85,30,,293.40,,,
,00:01:58,128,9.3,06:26,85,30,,296.20,,,
,00:01:59,128,9.3,06:26,85,30,,298.90,,,
,00:02:00,129,9.3,06:26,85,29,,301.90,,,
,00:02:01,129,9.4,06:25,85,29,,304.50,,,
,00:02:02,129,9.4,06:24,85,29,,307.30,,,
,00:02:03,130,9.4,06:23,85,29,,310.00,,,
,00:02:04,130,9.4,06:21,85,29,,312.50,,,
,00:02:05,130,9.5,06:20,85,29,,315.50,,,
,00:02:06,130,9.5,06:18,85,29,,318.20,,,
,00:02:07,130,9.6,06:17,85,29,,320.70,,,
,00:02:08,130,9.6,06:16,85,29,,323.40,,,
,00:02:09,130,9.6,06:14,85,29,,326.10,,,
,00:02:10,131,9.6,06:14,85,29,,328.60,,,
,00:02:11,131,9.7,06:13,85,29,,331.30,,,
,00:02:12,131,9.7,06:12,85,29,,333.90,,,
,00:02:13,131,9.7,06:12,85,29,,336.50,,,
,00:02:14,131,9.7,06:11,85,29,,339.10,,,
,00:02:15,131,9.7,06:11,85,29,,341.60,,,
,00:02:16,131,9.7,06:10,85,29,,344.40,,,
,00:02:17,131,9.7,06:10,85,29,,347.20,,,
,00:02:18,132,9.7,06:09,85,29,,350.00,,,
,00:02:19,132,9.8,06:09,85,29,,352.80,,,
,00:02:20,132,9.8,06:09,85,29,,355.50,,,
,00:02:21,132,9.8,06:09,85,29,,358.50,,,
,00:02:22,132,9.8,06:08,85,29,,361.20,,,
,00:02:23,132,9.8,06:08,85,29,,363.80,,,
,00:02:24,133,9.8,06:08,85,30,,366.50,,,
,00:02:25,133,9.8,06:08,85,30,,369.30,,,
,00:02:26,133,9.8,06:07,85,30,,372.00,,,
,00:02:27,134,9.8,06:07,85,30,,374.60,,,
,00:02:28,134,9.8,06:07,85,30,,377.20,,,
,00:02:29,134,9.8,06:07,85,30,,379.90,,,
,00:02:30,134,9.8,06:07,85,30,,382.60,,,
,00:02:31,135,9.8,06:07,85,30,,385.40,,,
,00:02:32,135,9.8,06:07,85,30,,388.30,,,
,00:02:33,135,9.8,06:07,85,29,,390.80,,,
,00:02:34,135,9.8,06:07,85,29,,393.50,,,
,00:02:35,135,9.8,06:07,85,29,,396.00,,,
,00:02:36,135,9.8,06:07,85,29,,398.70,,,
,00:02:37,135,9.8,06:08,85,29,,401.40,,,
,00:02:38,135,9.8,06:08,85,29,,404.00,,,
,00:02:39,135,9.8,06:08,85,29,,406.70,,,
,00:02:40,135,9.8,06:08,85,29,,409.60,,,
,00:02:41,134,9.8,06:08,85,29,,412.40,,,
,00:02:42,134,9.8,06:08,85,29,,415.30,,,
,00:02:43,134,9.8,06:08,85,29,,418.30,,,
,00:02:44,134,9.8,06:07,85,29,,421.60,,,
,00:02:45,134,9.8,06:07,85,29,,424.60,,,
,00:02:46,134,9.8,06:07,85,30,,427.20,,,
,00:02:47,134,9.8,06:07,85,30,,430.10,,,
,00:02:48,134,9.8,06:07,85,30,,432.70,,,
,00:02:49,134,9.8,06:07,85,30,,435.30,,,
,00:02:50,133,9.8,06:09,85,30,,437.50,,,
,00:02:51,133,9.7,06:10,85,30,,439.80,,,
,00:02:52,133,9.7,06:11,84,30,,442.30,,,
,00:02:53,133,9.7,06:12,84,30,,444.50,,,
,00:02:54,133,9.7,06:11,85,30,,447.00,,,
,00:02:55,133,9.7,06:11,85,30,,449.60,,,
,00:02:56,134,9.7,06:10,85,30,,452.00,,,
,00:02:57,134,9.7,06:10,85,30,,454.40,,,
,00:02:58,134,9.7,06:09,85,30,,456.80,,,
,00:02:59,134,9.7,06:09,85,30,,459.50,,,
,00:03:00,134,9.7,06:09,85,30,,462.30,,,
,00:03:01,134,9.7,06:10,85,30,,464.90,,,
,00:03:02,134,9.7,06:11,85,30,,467.60,,,
,00:03:03,134,9.7,06:12,85,30,,470.20,,,
,00:03:04,135,9.7,06:13,85,30,,473.00,,,
,00:03:05,135,9.6,06:13,85,30,,475.40,,,
,00:03:06,135,9.6,06:14,85,30,,478.30,,,
,00:03:07,135,9.6,06:14,85,30,,480.80,,,
,00:03:08,135,9.6,06:15,85,30,,483.40,,,
,00:03:09,135,9.6,06:15,85,30,,485.80,,,
,00:03:10,135,9.6,06:15,85,30,,488.20,,,
,00:03:11,135,9.5,06:17,85,30,,490.40,,,
,00:03:12,136,9.5,06:20,85,30,,492.40,,,
,00:03:13,136,9.5,06:21,85,30,,494.80,,,
,00:03:14,136,9.4,06:23,85,30,,497.10,,,
,00:03:15,136,9.3,06:27,85,30,,499.30,,,
,00:03:16,137,9.2,06:33,85,30,,501.30,,,
,00:03:17,137,8.9,06:42,85,30,,503.40,,,
,00:03:18,138,8.8,06:51,85,30,,505.30,,,
,00:03:19,138,8.7,06:54,85,30,,507.50,,,
,00:03:20,138,8.7,06:53,85,30,,509.60,,,
,00:03:21,138,8.8,06:50,85,30,,511.80,,,
,00:03:22,137,8.8,06:47,87,30,,513.70,,,
,00:03:23,137,8.8,06:48,88,30,,515.80,,,
,00:03:24,137,8.8,06:51,88,30,,518.00,,,
,00:03:25,136,8.8,06:51,86,30,,520.50,,,
,00:03:26,136,8.6,06:58,86,30,,522.70,,,
,00:03:27,136,8.4,07:08,86,30,,524.70,,,
,00:03:28,135,8.2,07:17,86,30,,526.80,,,
,00:03:29,135,8.2,07:18,86,30,,529.00,,,
,00:03:30,135,8.4,07:11,86,31,,531.50,,,
,00:03:31,136,8.5,07:03,86,31,,534.20,,,
,00:03:32,136,8.6,06:56,86,31,,536.60,,,
,00:03:33,136,8.8,06:51,86,31,,539.20,,,
,00:03:34,136,8.8,06:48,86,31,,541.30,,,
,00:03:35,136,8.9,06:45,84,31,,544.10,,,
,00:03:36,136,8.9,06:43,84,31,,546.60,,,
,00:03:37,136,8.9,06:43,84,31,,548.90,,,
,00:03:38,137,9.0,06:42,84,31,,551.20,,,
,00:03:39,137,9.0,06:42,84,31,,553.20,,,
,00:03:40,137,8.9,06:44,84,31,,555.30,,,
,00:03:41,137,8.9,06:45,85,31,,557.70,,,
,00:03:42,137,8.8,06:47,85,31,,560.10,,,
,00:03:43,137,8.8,06:49,85,31,,562.50,,,
,00:03:44,137,8.8,06:50,85,31,,565.10,,,
,00:03:45,137,8.8,06:51,85,31,,567.50,,,
,00:03:46,137,8.7,06:52,85,32,,570.50,,,
,00:03:47,137,8.7,06:53,85,32,,573.00,,,
,00:03:48,137,8.7,06:54,85,32,,575.50,,,
,00:03:49,138,8.7,06:55,85,32,,578.00,,,
,00:03:50,138,8.7,06:56,85,32,,580.30,,,
,00:03:51,138,8.6,06:56,85,32,,582.90,,,
,00:03:52,138,8.6,06:57,85,32,,585.60,,,
,00:03:53,139,8.6,06:57,85,32,,587.90,,,
,00:03:54,139,8.6,06:58,85,33,,590.50,,,
,00:03:55,139,8.6,06:58,85,33,,592.90,,,
,00:03:56,139,8.6,06:58,85,33,,595.50,,,
,00:03:57,139,8.6,06:58,85,33,,598.30,,,
,00:03:58,139,8.6,06:57,84,33,,601.00,,,
,00:03:59,139,8.7,06:53,85,34,,603.80,,,
,00:04:00,139,8.9,06:46,85,34,,606.60,,,
,00:04:01,138,9.0,06:39,85,34,,609.30,,,
,00:04:02,138,9.2,06:32,85,34,,611.90,,,
,00:04:03,138,9.3,06:27,85,34,,615.00,,,
,00:04:04,138,9.5,06:21,84,34,,618.00,,,
,00:04:05,137,9.7,06:13,85,34,,621.20,,,
,00:04:06,137,9.9,06:04,85,35,,624.20,,,
,00:04:07,137,10.0,06:00,85,35,,627.10,,,
,00:04:08,137,9.9,06:02,85,35,,629.90,,,
,00:04:09,137,9.8,06:06,84,35,,632.70,,,
,00:04:10,137,9.8,06:07,85,35,,635.40,,,
,00:04:11,137,9.8,06:07,85,35,,638.40,,,
,00:04:12,137,9.9,06:03,85,35,,641.30,,,
,00:04:13,136,10.0,05:59,84,35,,644.30,,,
,00:04:14,136,10.0,06:01,85,35,,646.80,,,
,00:04:15,136,9.8,06:08,84,35,,649.30,,,
,00:04:16,135,9.7,06:12,85,35,,652.10,,,
,00:04:17,135,9.6,06:16,85,35,,654.50,,,
,00:04:18,135,9.4,06:22,84,35,,656.70,,,
,00:04:19,135,9.2,06:30,85,35,,658.50,,,
,00:04:20,135,9.0,06:40,85,35,,660.00,,,
,00:04:21,135,8.7,06:52,85,35,,661.70,,,
,00:04:22,135,8.5,07:04,85,35,,663.20,,,
,00:04:23,135,8.4,07:08,85,35,,665.00,,,
,00:04:24,135,8.4,07:09,85,35,,666.90,,,
,00:04:25,135,8.4,07:07,87,35,,668.60,,,
,00:04:26,135,8.6,07:01,88,35,,671.20,,,
,00:04:27,134,8.7,06:55,88,35,,674.20,,,
,00:04:28,134,8.8,06:47,88,35,,677.10,,,
,00:04:29,134,9.1,06:34,88,35,,680.60,,,
,00:04:30,133,9.5,06:20,88,35,,683.90,,,
,00:04:31,133,9.8,06:08,88,35,,687.30,,,
,00:04:32,133,9.9,06:03,88,35,,690.40,,,
,00:04:33,133,9.9,06:04,88,35,,693.60,,,
,00:04:34,133,9.8,06:07,88,35,,696.80,,,
,00:04:35,132,9.7,06:10,88,35,,699.50,,,
,00:04:36,132,9.6,06:16,88,35,,701.20,,,
,00:04:37,132,9.3,06:29,88,35,,702.70,,,
,00:04:38,132,8.9,06:44,88,35,,703.60,,,
,00:04:39,131,8.6,06:58,88,35,,703.60,,,
,00:04:40,131,8.4,07:07,88,35,,704.00,,,
,00:04:41,131,8.2,07:17,89,34,,704.90,,,
,00:04:42,131,8.0,07:28,90,34,,705.90,,,
,00:04:43,131,7.8,07:44,89,34,,705.90,,,
,00:04:44,131,7.4,08:05,89,34,,706.00,,,
,00:04:45,131,7.1,08:24,89,34,,707.50,,,
,00:04:46,131,6.8,08:46,89,34,,708.80,,,
,00:04:47,130,6.7,09:01,89,34,,710.70,,,
,00:04:48,130,6.9,08:45,89,34,,712.40,,,
,00:04:49,130,7.3,08:12,89,34,,714.40,,,
,00:04:50,129,7.7,07:48,89,34,,716.40,,,
,00:04:51,129,8.0,07:30,89,34,,719.00,,,
,00:04:52,129,8.3,07:15,89,34,,722.20,,,
,00:04:53,128,8.5,07:03,89,34,,725.70,,,
,00:04:54,128,8.7,06:54,89,34,,729.30,,,
,00:04:55,128,8.8,06:47,87,34,,732.60,,,
,00:04:56,128,9.0,06:41,86,34,,735.20,,,
,00:04:57,128,9.1,06:36,87,34,,737.50,,,
,00:04:58,128,9.2,06:33,86,34,,740.10,,,
,00:04:59,128,9.2,06:29,86,34,,742.80,,,
,00:05:00,128,9.3,06:26,86,34,,744.90,,,
,00:05:01,128,9.4,06:24,86,34,,747.40,,,
,00:05:02,128,9.4,06:23,86,34,,749.80,,,
,00:05:03,127,9.4,06:22,86,34,,752.60,,,
,00:05:04,127,9.4,06:21,88,34,,755.60,,,
,00:05:05,127,9.5,06:17,88,33,,759.00,,,
,00:05:06,127,9.8,06:08,88,33,,762.40,,,
,00:05:07,127,10.1,05:58,88,33,,766.20,,,
,00:05:08,127,10.3,05:49,88,33,,769.20,,,
,00:05:09,127,10.4,05:47,86,33,,772.50,,,
,00:05:10,127,10.3,05:51,86,33,,775.80,,,
,00:05:11,127,10.1,05:56,86,33,,779.20,,,
,00:05:12,127,10.0,06:00,86,33,,781.90,,,
,00:05:13,127,9.9,06:03,86,33,,784.70,,,
,00:05:14,127,9.9,06:05,86,33,,787.20,,,
,00:05:15,128,9.8,06:08,86,33,,789.40,,,
,00:05:16,128,9.8,06:08,89,33,,791.50,,,
,00:05:17,128,9.8,06:08,89,33,,794.40,,,
,00:05:18,128,9.8,06:09,86,33,,797.50,,,
,00:05:19,128,9.8,06:07,86,32,,800.00,,,
,00:05:20,127,9.9,06:05,86,32,,802.70,,,
,00:05:21,127,9.8,06:07,86,32,,805.60,,,
,00:05:22,127,10.0,06:01,86,32,,808.70,,,
,00:05:23,127,10.3,05:50,86,32,,811.30,,,
,00:05:24,127,10.6,05:40,85,32,,814.20,,,
,00:05:25,127,10.9,05:30,84,32,,817.60,,,
,00:05:26,127,11.2,05:20,84,32,,821.00,,,
,00:05:27,127,11.6,05:11,84,32,,825.10,,,
,00:05:28,127,11.9,05:02,85,32,,829.30,,,
,00:05:29,127,12.6,04:45,85,32,,833.50,,,
,00:05:30,127,12.6,04:45,88,31,,837.60,,,
,00:05:31,127,12.8,04:42,88,31,,841.00,,,
,00:05:32,127,12.3,04:53,88,31,,844.20,,,
,00:05:33,127,11.8,05:04,88,31,,847.20,,,
,00:05:34,127,11.5,05:13,88,31,,850.10,,,
,00:05:35,127,11.2,05:22,88,31,,853.00,,,
,00:05:36,126,11.0,05:27,88,31,,855.70,,,
,00:05:37,126,11.0,05:28,88,31,,858.50,,,
,00:05:38,126,11.1,05:25,88,30,,861.10,,,
,00:05:39,125,11.3,05:18,88,30,,864.50,,,
,00:05:40,125,11.5,05:12,88,30,,868.10,,,
,00:05:41,125,11.7,05:07,88,30,,871.90,,,
,00:05:42,125,11.9,05:03,88,30,,875.60,,,
,00:05:43,124,12.1,04:57,88,30,,879.81,,,
,00:05:44,124,12.4,04:51,88,30,,884.03,,,
,00:05:45,124,12.6,04:45,88,30,,888.24,,,
,00:05:46,124,12.8,04:42,88,30,,892.45,,,
,00:05:47,123,12.8,04:41,88,30,,896.20,,,
,00:05:48,123,12.8,04:42,88,30,,899.80,,,
,00:05:49,123,12.6,04:46,88,30,,903.50,,,
,00:05:50,123,12.3,04:53,88,30,,906.80,,,
,00:05:51,122,12.0,04:59,88,30,,909.80,,,
,00:05:52,122,11.8,05:04,88,30,,912.50,,,
,00:05:53,122,11.7,05:07,88,30,,915.80,,,
,00:05:54,121,11.6,05:09,88,30,,919.00,,,
,00:05:55,121,11.7,05:08,88,30,,922.10,,,
,00:05:56,121,11.8,05:06,88,29,,925.70,,,
,00:05:57,121,11.7,05:07,88,29,,928.60,,,
,00:05:58,121,11.7,05:08,88,29,,931.50,,,
,00:05:59,121,11.7,05:08,88,29,,934.80,,,
,00:06:00,121,11.7,05:09,87,29,,938.40,,,
,00:06:01,122,11.6,05:09,87,29,,941.50,,,
,00:06:02,122,11.6,05:10,88,29,,944.20,,,
,00:06:03,122,11.6,05:10,88,29,,946.80,,,
,00:06:04,122,11.6,05:10,88,29,,949.70,,,
,00:06:05,122,11.6,05:10,88,28,,952.40,,,
,00:06:06,123,11.6,05:10,88,28,,955.60,,,
,00:06:07,123,11.6,05:11,88,28,,958.60,,,
,00:06:08,123,11.6,05:11,88,28,,961.70,,,
,00:06:09,123,11.6,05:11,88,28,,964.90,,,
,00:06:10,124,11.6,05:11,88,28,,968.60,,,
,00:06:11,124,11.6,05:11,88,28,,971.40,,,
,00:06:12,125,11.5,05:13,88,28,,974.70,,,
,00:06:13,125,11.4,05:15,88,28,,977.70,,,
,00:06:14,125,11.4,05:17,89,28,,981.00,,,
,00:06:15,126,11.4,05:17,89,28,,983.70,,,
,00:06:16,126,11.4,05:16,89,28,,986.80,,,
,00:06:17,126,11.4,05:15,89,28,,989.60,,,
,00:06:18,126,11.4,05:15,89,28,,992.30,,,
,00:06:19,126,11.5,05:14,89,28,,994.90,,,
,00:06:20,127,11.5,05:13,89,28,,998.10,,,
,00:06:21,127,11.5,05:13,89,28,,1001.50,,,
,00:06:22,127,11.5,05:13,89,28,,1005.20,,,
,00:06:23,127,11.5,05:12,89,28,,1007.60,,,
,00:06:24,127,11.5,05:12,89,28,,1011.10,,,
,00:06:25,127,11.5,05:12,89,28,,1014.10,,,
,00:06:26,127,11.5,05:13,89,28,,1017.10,,,
,00:06:27,127,11.5,05:14,89,28,,1020.40,,,
,00:06:28,128,11.5,05:14,89,27,,1023.20,,,
,00:06:29,128,11.4,05:14,89,27,,1026.50,,,
,00:06:30,128,11.4,05:15,89,27,,1029.40,,,
,00:06:31,128,11.4,05:15,87,27,,1032.10,,,
,00:06:32,128,11.4,05:16,86,27,,1035.70,,,
,00:06:33,128,11.4,05:16,88,27,,1038.90,,,
,00:06:34,128,11.4,05:16,88,27,,1042.20,,,
,00:06:35,128,11.4,05:16,88,27,,1045.40,,,
,00:06:36,128,11.4,05:16,88,27,,1048.40,,,
,00:06:37,128,11.4,05:16,88,27,,1051.30,,,
,00:06:38,128,11.4,05:17,88,27,,1054.20,,,
,00:06:39,128,11.4,05:17,88,27,,1057.20,,,
,00:06:40,128,11.3,05:18,88,27,,1060.00,,,
,00:06:41,128,11.3,05:19,88,27,,1062.70,,,
,00:06:42,128,11.3,05:20,88,28,,1065.60,,,
,00:06:43,129,11.2,05:20,88,28,,1068.30,,,
,00:06:44,129,11.2,05:21,88,28,,1071.50,,,
,00:06:45,130,11.2,05:21,88,28,,1074.40,,,
,00:06:46,130,11.2,05:21,88,28,,1077.20,,,
,00:06:47,131,11.2,05:21,88,28,,1080.70,,,
,00:06:48,131,11.1,05:25,88,28,,1083.50,,,
,00:06:49,131,10.8,05:34,88,28,,1086.00,,,
,00:06:50,132,10.4,05:45,88,28,,1088.30,,,
,00:06:51,132,10.1,05:55,88,28,,1090.40,,,
,00:06:52,132,9.8,06:06,88,28,,1092.30,,,
,00:06:53,132,9.6,06:17,87,28,,1093.50,,,
,00:06:54,133,9.3,06:25,86,28,,1095.30,,,
,00:06:55,133,9.2,06:33,86,28,,1097.40,,,
,00:06:56,133,9.0,06:39,86,28,,1098.80,,,
,00:06:57,133,8.9,06:42,86,28,,1100.90,,,
,00:06:58,134,9.1,06:37,86,28,,1103.20,,,
,00:06:59,134,9.4,06:24,86,29,,1106.40,,,
,00:07:00,134,9.6,06:15,87,29,,1109.80,,,
,00:07:01,134,9.8,06:08,88,29,,1113.20,,,
,00:07:02,135,10.0,06:02,87,29,,1116.30,,,
,00:07:03,135,10.1,05:57,85,29,,1119.30,,,
,00:07:04,136,10.2,05:54,85,29,,1122.30,,,
,00:07:05,136,10.3,05:51,88,29,,1125.50,,,
,00:07:06,136,10.3,05:48,88,29,,1128.60,,,
,00:07:07,136,10.4,05:46,88,29,,1132.00,,,
,00:07:08,137,10.4,05:45,87,29,,1135.00,,,
,00:07:09,137,10.5,05:44,86,30,,1137.50,,,
,00:07:10,137,10.5,05:43,86,30,,1140.70,,,
,00:07:11,137,10.4,05:47,88,30,,1143.50,,,
,00:07:12,137,10.3,05:50,88,30,,1146.00,,,
,00:07:13,137,10.3,05:49,88,30,,1148.90,,,
,00:07:14,137,10.4,05:47,88,30,,1152.00,,,
,00:07:15,136,10.5,05:44,88,30,,1154.70,,,
,00:07:16,136,10.5,05:43,88,30,,1157.30,,,
,00:07:17,136,10.5,05:43,88,30,,1160.00,,,
,00:07:18,136,10.5,05:42,88,30,,1163.10,,,
,00:07:19,136,10.5,05:42,88,30,,1165.80,,,
,00:07:20,136,10.5,05:42,86,30,,1168.40,,,
,00:07:21,137,10.5,05:43,86,30,,1171.20,,,
,00:07:22,137,10.5,05:43,86,31,,1174.00,,,
,00:07:23,137,10.5,05:44,86,31,,1176.80,,,
,00:07:24,137,10.5,05:44,86,31,,1179.20,,,
,00:07:25,137,10.5,05:44,86,31,,1182.20,,,
,00:07:26,137,10.5,05:44,87,31,,1185.20,,,
,00:07:27,138,10.5,05:44,88,31,,1188.20,,,
,00:07:28,138,10.5,05:44,88,31,,1191.50,,,
,00:07:29,138,10.5,05:44,88,31,,1194.90,,,
,00:07:30,138,10.5,05:44,88,31,,1198.40,,,
,00:07:31,138,10.4,05:45,88,31,,1201.20,,,
,00:07:32,138,10.4,05:45,85,31,,1203.90,,,
,00:07:33,138,10.4,05:46,84,31,,1207.10,,,
,00:07:34,138,10.4,05:47,84,31,,1209.40,,,
,00:07:35,139,10.4,05:47,85,31,,1212.20,,,
,00:07:36,139,10.4,05:48,87,31,,1214.70,,,
,00:07:37,139,10.3,05:48,88,31,,1217.10,,,
,00:07:38,139,10.3,05:49,88,31,,1219.80,,,
,00:07:39,139,10.3,05:49,88,31,,1222.20,,,
,00:07:40,139,10.3,05:50,87,31,,1225.00,,,
,00:07:41,139,10.1,05:57,88,31,,1227.00,,,
,00:07:42,139,9.9,06:04,87,31,,1229.20,,,
,00:07:43,139,9.8,06:06,86,31,,1232.10,,,
,00:07:44,140,9.8,06:07,86,31,,1234.70,,,
,00:07:45,140,9.9,06:04,86,32,,1237.60,,,
,00:07:46,140,9.9,06:02,86,32,,1239.90,,,
,00:07:47,140,10.0,06:00,87,32,,1242.00,,,
,00:07:48,140,9.9,06:05,88,32,,1245.00,,,
,00:07:49,140,9.8,06:09,88,32,,1247.00,,,
,00:07:50,140,9.8,06:07,88,32,,1250.40,,,
,00:07:51,140,9.9,06:05,88,32,,1253.50,,,
,00:07:52,140,9.9,06:02,88,32,,1256.10,,,
,00:07:53,140,10.0,06:00,88,32,,1258.90,,,
,00:07:54,140,10.0,05:59,88,32,,1261.80,,,
,00:07:55,140,10.1,05:57,88,32,,1264.50,,,
,00:07:56,140,10.1,05:56,88,32,,1267.80,,,
,00:07:57,140,10.2,05:55,88,32,,1270.50,,,
,00:07:58,140,10.2,05:54,87,32,,1273.70,,,
,00:07:59,140,10.2,05:53,87,32,,1276.40,,,
,00:08:00,141,10.2,05:52,87,32,,1279.20,,,
,00:08:01,141,10.2,05:52,87,32,,1282.10,,,
,00:08:02,141,10.2,05:52,88,32,,1284.80,,,
,00:08:03,141,10.2,05:52,88,32,,1287.40,,,
,00:08:04,141,10.2,05:51,88,32,,1290.10,,,
,00:08:05,141,10.2,05:51,88,32,,1293.00,,,
,00:08:06,141,10.3,05:51,88,32,,1296.40,,,
,00:08:07,141,10.3,05:51,88,33,,1299.50,,,
,00:08:08,141,10.3,05:50,88,33,,1302.30,,,
,00:08:09,141,10.3,05:50,87,33,,1305.40,,,
,00:08:10,141,10.3,05:50,88,33,,1308.50,,,
,00:08:11,141,10.4,05:47,88,33,,1311.80,,,
,00:08:12,141,10.5,05:42,87,33,,1315.10,,,
,00:08:13,141,10.7,05:38,88,33,,1318.50,,,
,00:08:14,141,10.7,05:37,88,33,,1321.90,,,
,00:08:15,141,10.6,05:39,88,33,,1324.50,,,
,00:08:16,141,10.6,05:41,88,33,,1327.10,,,
,00:08:17,141,10.4,05:47,88,33,,1329.90,,,
,00:08:18,141,10.0,06:01,88,33,,1332.00,,,
,00:08:19,141,9.6,06:17,88,33,,1333.80,,,
,00:08:20,141,9.2,06:32,88,33,,1335.80,,,
,00:08:21,141,8.9,06:45,88,34,,1337.70,,,
,00:08:22,141,8.8,06:51,88,34,,1339.70,,,
,00:08:23,141,8.8,06:51,88,34,,1341.60,,,
,00:08:24,141,8.7,06:53,88,34,,1343.40,,,
,00:08:25,141,8.8,06:51,88,34,,1345.90,,,
,00:08:26,141,8.9,06:45,88,34,,1348.40,,,
,00:08:27,141,9.0,06:39,87,34,,1351.10,,,
,00:08:28,141,9.2,06:31,88,34,,1354.10,,,
,00:08:29,141,9.4,06:24,88,34,,1357.60,,,
,00:08:30,141,9.5,06:19,88,34,,1360.00,,,
,00:08:31,141,9.6,06:15,88,34,,1363.20,,,
,00:08:32,141,9.7,06:11,88,35,,1366.20,,,
,00:08:33,141,9.8,06:09,88,35,,1369.80,,,
,00:08:34,142,9.8,06:06,88,35,,1372.40,,,
,00:08:35,142,10.0,06:00,88,35,,1375.60,,,
,00:08:36,142,10.1,05:55,88,35,,1379.00,,,
,00:08:37,142,10.3,05:50,88,35,,1381.50,,,
,00:08:38,142,10.4,05:45,88,35,,1384.50,,,
,00:08:39,142,10.4,05:46,88,35,,1387.60,,,
,00:08:40,142,10.4,05:45,88,35,,1390.70,,,
,00:08:41,142,10.5,05:43,88,35,,1393.90,,,
,00:08:42,142,10.4,05:45,88,36,,1396.50,,,
,00:08:43,142,10.4,05:45,88,36,,1400.10,,,
,00:08:44,142,10.4,05:46,88,36,,1402.90,,,
,00:08:45,142,10.4,05:47,88,36,,1405.00,,,
,00:08:46,142,10.2,05:53,87,36,,1407.40,,,
,00:08:47,142,9.8,06:07,85,36,,1408.90,,,
,00:08:48,142,9.4,06:22,84,36,,1410.90,,,
,00:08:49,142,9.4,06:24,84,36,,1413.60,,,
,00:08:50,142,9.5,06:19,85,36,,1416.00,,,
,00:08:51,142,9.6,06:14,85,36,,1418.30,,,
,00:08:52,142,9.8,06:09,85,36,,1421.00,,,
,00:08:53,142,9.8,06:06,85,37,,1423.50,,,
,00:08:54,142,9.9,06:04,85,37,,1426.40,,,
,00:08:55,142,9.9,06:02,85,37,,1429.40,,,
,00:08:56,142,10.0,06:01,87,37,,1432.20,,,
,00:08:57,142,10.0,06:00,86,37,,1435.20,,,
,00:08:58,142,10.0,06:00,88,37,,1438.00,,,
,00:08:59,142,10.0,05:59,88,37,,1440.80,,,
,00:09:00,142,10.2,05:54,88,37,,1443.80,,,
,00:09:01,142,10.3,05:48,88,37,,1446.70,,,
,00:09:02,142,10.4,05:47,88,37,,1450.00,,,
,00:09:03,142,10.4,05:46,88,37,,1453.50,,,
,00:09:04,142,10.4,05:45,89,37,,1457.40,,,
,00:09:05,142,10.4,05:45,89,37,,1460.60,,,
,00:09:06,141,10.6,05:39,90,37,,1464.10,,,
,00:09:07,141,10.8,05:33,89,37,,1467.60,,,
,00:09:08,141,10.9,05:31,89,37,,1470.90,,,
,00:09:09,141,10.9,05:29,89,37,,1474.40,,,
,00:09:10,141,11.0,05:27,89,37,,1477.70,,,
,00:09:11,140,11.0,05:27,89,38,,1481.50,,,
,00:09:12,140,11.1,05:24,89,38,,1484.50,,,
,00:09:13,140,11.3,05:20,89,38,,1487.80,,,
,00:09:14,140,11.2,05:23,89,38,,1490.90,,,
,00:09:15,140,11.1,05:23,89,38,,1494.00,,,
,00:09:16,139,11.1,05:24,89,38,,1497.10,,,
,00:09:17,139,11.0,05:28,89,38,,1499.70,,,
,00:09:18,139,10.9,05:31,90,38,,1502.90,,,
,00:09:19,138,10.8,05:33,90,38,,1506.00,,,
,00:09:20,138,10.8,05:34,90,38,,1508.70,,,
,00:09:21,138,10.7,05:36,89,38,,1511.80,,,
,00:09:22,137,10.7,05:36,90,38,,1514.50,,,
,00:09:23,137,10.7,05:36,90,38,,1517.50,,,
,00:09:24,137,10.7,05:37,90,38,,1520.50,,,
,00:09:25,137,10.7,05:37,89,38,,1523.40,,,
,00:09:26,137,10.7,05:36,89,38,,1526.90,,,
,00:09:27,136,10.7,05:35,89,38,,1530.00,,,
,00:09:28,136,10.8,05:34,89,38,,1533.20,,,
,00:09:29,135,10.8,05:33,89,38,,1536.30,,,
,00:09:30,135,10.8,05:32,89,38,,1540.00,,,
,00:09:31,135,10.9,05:31,89,38,,1543.30,,,
,00:09:32,134,10.9,05:30,89,38,,1546.60,,,
,00:09:33,134,11.0,05:29,89,38,,1549.80,,,
,00:09:34,134,11.0,05:27,89,38,,1553.00,,,
,00:09:35,135,11.0,05:26,89,38,,1555.50,,,
,00:09:36,135,11.1,05:25,89,38,,1558.50,,,
,00:09:37,135,11.1,05:25,89,38,,1561.30,,,
,00:09:38,135,11.1,05:25,89,38,,1564.20,,,
,00:09:39,135,11.1,05:25,89,38,,1567.00,,,
,00:09:40,135,11.1,05:26,89,38,,1569.60,,,
,00:09:41,135,11.0,05:26,90,38,,1572.90,,,
,00:09:42,135,11.0,05:26,90,38,,1576.30,,,
,00:09:43,135,11.1,05:25,90,38,,1579.20,,,
,00:09:44,135,11.1,05:24,90,38,,1582.40,,,
,00:09:45,135,11.1,05:23,90,38,,1585.70,,,
,00:09:46,135,11.2,05:23,90,38,,1589.10,,,
,00:09:47,135,11.2,05:22,89,38,,1592.00,,,
,00:09:48,135,11.2,05:21,89,39,,1595.00,,,
,00:09:49,134,11.2,05:21,89,39,,1598.20,,,
,00:09:50,134,11.2,05:21,89,39,,1601.10,,,
,00:09:51,134,11.2,05:21,89,39,,1604.30,,,
,00:09:52,134,11.2,05:20,89,39,,1607.40,,,
,00:09:53,134,11.3,05:20,89,39,,1611.20,,,
,00:09:54,134,11.3,05:19,89,39,,1614.00,,,
,00:09:55,134,11.3,05:19,89,39,,1616.90,,,
,00:09:56,134,11.2,05:21,90,39,,1620.60,,,
,00:09:57,134,11.2,05:22,90,39,,1623.30,,,
,00:09:58,134,11.2,05:21,90,39,,1626.60,,,
,00:09:59,134,11.2,05:20,90,39,,1630.30,,,
,00:10:00,135,11.3,05:20,90,39,,1632.90,,,
,00:10:01,135,11.3,05:19,90,39,,1635.40,,,
,00:10:02,135,11.3,05:19,90,39,,1638.20,,,
,00:10:03,135,11.3,05:19,89,39,,1641.60,,,
,00:10:04,135,11.3,05:19,89,39,,1645.30,,,
,00:10:05,135,11.3,05:19,89,39,,1648.30,,,
,00:10:06,136,11.3,05:19,89,39,,1651.50,,,
,00:10:07,136,11.2,05:21,89,39,,1654.20,,,
,00:10:08,137,11.0,05:27,89,39,,1656.50,,,
,00:10:09,137,10.8,05:34,89,39,,1659.60,,,
,00:10:10,137,10.6,05:40,89,39,,1662.50,,,
,00:10:11,137,10.6,05:40,89,38,,1665.30,,,
,00:10:12,137,10.7,05:36,89,38,,1668.20,,,
,00:10:13,137,10.8,05:34,90,38,,1670.90,,,
,00:10:14,137,10.9,05:32,89,38,,1674.20,,,
,00:10:15,137,10.9,05:30,89,38,,1677.10,,,
,00:10:16,137,11.0,05:28,89,38,,1680.40,,,
,00:10:17,137,11.0,05:27,90,38,,1684.00,,,
,00:10:18,137,11.0,05:26,89,38,,1687.10,,,
,00:10:19,136,11.1,05:25,89,38,,1690.30,,,
,00:10:20,136,11.1,05:25,89,37,,1693.70,,,
,00:10:21,136,11.1,05:24,89,37,,1697.10,,,
,00:10:22,136,11.2,05:23,89,37,,1699.70,,,
,00:10:23,135,11.2,05:22,89,37,,1703.00,,,
,00:10:24,135,11.2,05:22,89,37,,1706.10,,,
,00:10:25,135,11.4,05:16,90,37,,1709.70,,,
,00:10:26,135,11.6,05:10,90,37,,1713.30,,,
,00:10:27,135,11.6,05:10,89,37,,1716.70,,,
,00:10:28,134,11.6,05:11,89,37,,1720.20,,,
,00:10:29,134,11.5,05:13,89,37,,1723.30,,,
,00:10:30,134,11.5,05:14,90,37,,1726.30,,,
,00:10:31,134,11.4,05:16,90,37,,1729.70,,,
,00:10:32,134,11.3,05:18,90,37,,1732.60,,,
,00:10:33,134,11.3,05:19,90,37,,1735.60,,,
,00:10:34,134,11.2,05:20,89,37,,1738.60,,,
,00:10:35,134,11.1,05:23,89,37,,1740.90,,,
,00:10:36,134,11.1,05:25,90,37,,1743.30,,,
,00:10:37,134,11.1,05:25,90,37,,1746.40,,,
,00:10:38,134,11.1,05:25,90,37,,1749.50,,,
,00:10:39,135,11.1,05:25,90,37,,1752.60,,,
,00:10:40,135,11.1,05:25,90,37,,1755.90,,,
,00:10:41,135,11.1,05:25,89,36,,1758.60,,,
,00:10:42,135,11.1,05:25,89,36,,1761.70,,,
,00:10:43,135,11.1,05:25,89,36,,1764.90,,,
,00:10:44,136,11.0,05:27,89,36,,1767.90,,,
,00:10:45,136,11.0,05:28,89,36,,1771.00,,,
,00:10:46,136,11.0,05:28,89,36,,1774.00,,,
,00:10:47,136,11.0,05:28,89,36,,1777.30,,,
,00:10:48,136,11.0,05:28,89,36,,1780.30,,,
,00:10:49,136,11.0,05:28,89,36,,1783.10,,,
,00:10:50,136,11.0,05:28,89,36,,1786.10,,,
,00:10:51,136,11.0,05:28,89,36,,1789.50,,,
,00:10:52,136,10.9,05:29,89,36,,1792.50,,,
,00:10:53,136,10.9,05:29,89,36,,1795.30,,,
,00:10:54,136,10.9,05:29,89,36,,1799.00,,,
,00:10:55,136,10.9,05:29,89,36,,1801.60,,,
,00:10:56,136,10.9,05:30,89,36,,1804.20,,,
,00:10:57,136,10.9,05:30,89,36,,1807.60,,,
,00:10:58,137,10.9,05:30,89,36,,1810.60,,,
,00:10:59,137,10.9,05:30,89,36,,1813.40,,,
,00:11:00,137,10.9,05:30,89,36,,1816.30,,,
,00:11:01,137,10.9,05:30,89,36,,1819.30,,,
,00:11:02,137,10.9,05:30,89,36,,1822.70,,,
,00:11:03,137,10.9,05:30,89,36,,1825.00,,,
,00:11:04,137,10.9,05:30,89,36,,1827.90,,,
,00:11:05,137,10.9,05:30,89,36,,1830.90,,,
,00:11:06,137,10.9,05:30,89,36,,1833.60,,,
,00:11:07,138,10.9,05:30,89,36,,1836.30,,,
,00:11:08,138,10.9,05:30,89,36,,1839.00,,,
,00:11:09,138,10.9,05:31,89,36,,1841.90,,,
,00:11:10,138,10.8,05:34,89,36,,1844.30,,,
,00:11:11,138,10.7,05:36,89,36,,1846.80,,,
,00:11:12,138,10.7,05:35,89,36,,1850.00,,,
,00:11:13,138,10.8,05:35,89,36,,1853.00,,,
,00:11:14,139,10.8,05:34,89,36,,1855.80,,,
,00:11:15,139,10.8,05:34,89,36,,1859.00,,,
,00:11:16,139,10.8,05:34,89,35,,1862.10,,,
,00:11:17,139,10.8,05:34,89,35,,1865.10,,,
,00:11:18,139,10.8,05:34,89,35,,1868.30,,,
,00:11:19,139,10.8,05:34,89,35,,1871.50,,,
,00:11:20,139,10.8,05:34,89,35,,1874.40,,,
,00:11:21,139,10.8,05:35,89,35,,1877.30,,,
,00:11:22,139,10.8,05:35,89,35,,1880.40,,,
,00:11:23,139,10.8,05:35,90,35,,1883.50,,,
,00:11:24,139,10.8,05:35,90,35,,1886.70,,,
,00:11:25,139,10.8,05:35,90,35,,1889.50,,,
,00:11:26,139,10.8,05:33,89,35,,1893.00,,,
,00:11:27,139,10.9,05:32,89,35,,1896.20,,,
,00:11:28,139,10.8,05:32,89,35,,1899.30,,,
,00:11:29,139,10.8,05:33,90,35,,1902.40,,,
,00:11:30,139,10.8,05:33,89,35,,1905.50,,,
,00:11:31,139,10.8,05:33,90,35,,1908.80,,,
,00:11:32,139,10.8,05:33,90,35,,1911.50,,,
,00:11:33,139,10.8,05:33,90,35,,1914.20,,,
,00:11:34,139,10.8,05:33,89,35,,1917.50,,,
,00:11:35,139,10.8,05:33,89,35,,1920.40,,,
,00:11:36,139,10.8,05:33,89,35,,1923.30,,,
,00:11:37,139,10.8,05:33,89,35,,1926.40,,,
,00:11:38,139,10.8,05:33,89,35,,1929.50,,,
,00:11:39,139,10.8,05:33,89,35,,1932.40,,,
,00:11:40,140,10.8,05:35,89,35,,1935.30,,,
,00:11:41,140,10.7,05:36,89,35,,1938.10,,,
,00:11:42,139,10.7,05:36,89,35,,1941.40,,,
,00:11:43,139,10.6,05:38,89,35,,1944.00,,,
,00:11:44,139,10.6,05:40,89,36,,1946.80,,,
,00:11:45,139,10.6,05:39,89,36,,1949.70,,,
,00:11:46,139,10.6,05:38,90,36,,1952.50,,,
,00:11:47,139,10.7,05:38,90,36,,1955.50,,,
,00:11:48,139,10.7,05:37,90,36,,1958.30,,,
,00:11:49,139,10.7,05:37,90,35,,1961.00,,,
,00:11:50,139,10.7,05:37,90,35,,1964.70,,,
,00:11:51,139,10.7,05:36,89,35,,1967.60,,,
,00:11:52,139,10.7,05:36,89,35,,1970.70,,,
,00:11:53,140,10.7,05:36,89,35,,1974.10,,,
,00:11:54,140,10.7,05:36,89,35,,1976.60,,,
,00:11:55,140,10.7,05:36,89,35,,1979.60,,,
,00:11:56,140,10.7,05:36,90,35,,1982.70,,,
,00:11:57,140,10.7,05:36,90,35,,1985.70,,,
,00:11:58,140,10.7,05:36,89,35,,1988.80,,,
,00:11:59,140,10.7,05:36,89,35,,1991.50,,,
,00:12:00,140,10.7,05:36,89,35,,1994.20,,,
,00:12:01,140,10.7,05:36,89,35,,1997.80,,,
,00:12:02,140,10.7,05:36,89,35,,2001.00,,,
,00:12:03,141,10.7,05:36,89,35,,2004.20,,,
,00:12:04,141,10.7,05:36,89,35,,2006.90,,,
,00:12:05,141,10.7,05:35,87,35,,2010.20,,,
,00:12:06,141,10.7,05:35,86,35,,2013.60,,,
,00:12:07,141,10.7,05:35,86,35,,2016.20,,,
,00:12:08,141,10.8,05:35,88,35,,2019.50,,,
,00:12:09,141,10.7,05:38,88,35,,2022.50,,,
,00:12:10,141,10.6,05:40,88,35,,2024.90,,,
,00:12:11,141,10.5,05:41,88,35,,2027.70,,,
,00:12:12,141,10.5,05:42,88,35,,2030.50,,,
,00:12:13,141,10.6,05:40,88,35,,2033.60,,,
,00:12:14,141,10.6,05:39,88,35,,2036.30,,,
,00:12:15,141,10.6,05:38,88,35,,2038.50,,,
,00:12:16,142,10.7,05:37,88,35,,2041.60,,,
,00:12:17,142,10.7,05:37,88,35,,2044.10,,,
,00:12:18,142,10.7,05:36,88,35,,2047.20,,,
,00:12:19,142,10.7,05:36,88,35,,2050.30,,,
,00:12:20,142,10.7,05:35,88,35,,2052.90,,,
,00:12:21,142,10.7,05:35,88,35,,2056.20,,,
,00:12:22,142,10.7,05:35,88,35,,2058.80,,,
,00:12:23,142,10.7,05:35,88,35,,2061.90,,,
,00:12:24,142,10.7,05:35,88,35,,2065.60,,,
,00:12:25,142,10.8,05:33,89,35,,2068.40,,,
,00:12:26,142,10.9,05:30,90,35,,2071.90,,,
,00:12:27,142,10.8,05:32,90,36,,2074.80,,,
,00:12:28,142,10.8,05:33,89,36,,2077.90,,,
,00:12:29,142,10.8,05:34,90,36,,2081.00,,,
,00:12:30,142,10.8,05:35,90,36,,2083.90,,,
,00:12:31,142,10.7,05:35,89,36,,2087.40,,,
,00:12:32,143,10.7,05:36,89,36,,2090.50,,,
,00:12:33,143,10.7,05:36,90,36,,2093.10,,,
,00:12:34,143,10.7,05:37,90,36,,2096.80,,,
,00:12:35,143,10.7,05:37,89,36,,2099.10,,,
,00:12:36,143,10.7,05:37,89,36,,2102.40,,,
,00:12:37,143,10.7,05:36,90,36,,2105.40,,,
,00:12:38,143,10.7,05:36,89,37,,2108.30,,,
,00:12:39,143,10.7,05:36,90,37,,2111.20,,,
,00:12:40,143,10.7,05:36,90,37,,2114.00,,,
,00:12:41,143,10.7,05:36,90,37,,2116.80,,,
,00:12:42,143,10.7,05:37,89,37,,2119.80,,,
,00:12:43,143,10.7,05:37,89,37,,2122.60,,,
,00:12:44,143,10.7,05:37,89,37,,2126.00,,,
,00:12:45,143,10.7,05:37,89,37,,2128.60,,,
,00:12:46,143,10.7,05:37,89,37,,2131.90,,,
,00:12:47,143,10.7,05:37,89,37,,2135.00,,,
,00:12:48,143,10.7,05:36,89,37,,2137.60,,,
,00:12:49,143,10.7,05:36,89,37,,2140.70,,,
,00:12:50,143,10.7,05:35,89,37,,2143.90,,,
,00:12:51,143,10.7,05:35,89,37,,2146.90,,,
,00:12:52,143,10.7,05:35,89,37,,2150.10,,,
,00:12:53,143,10.7,05:35,89,37,,2152.80,,,
,00:12:54,143,10.7,05:35,89,37,,2155.90,,,
,00:12:55,143,10.7,05:35,89,37,,2159.00,,,
,00:12:56,143,10.8,05:35,89,37,,2162.00,,,
,00:12:57,143,10.8,05:35,89,37,,2165.30,,,
,00:12:58,143,10.8,05:35,89,37,,2168.00,,,
,00:12:59,143,10.8,05:35,89,37,,2170.90,,,
,00:13:00,143,10.8,05:34,89,37,,2173.90,,,
,00:13:01,142,10.8,05:34,89,37,,2176.80,,,
,00:13:02,142,10.8,05:34,89,38,,2180.20,,,
,00:13:03,142,10.8,05:34,89,38,,2183.70,,,
,00:13:04,141,10.8,05:34,89,38,,2186.60,,,
,00:13:05,141,10.8,05:34,90,38,,2190.10,,,
,00:13:06,141,10.8,05:34,89,38,,2193.00,,,
,00:13:07,141,10.9,05:29,89,38,,2196.60,,,
,00:13:08,141,11.0,05:26,89,38,,2200.10,,,
,00:13:09,141,11.1,05:23,89,38,,2203.00,,,
,00:13:10,140,11.2,05:21,90,38,,2206.10,,,
,00:13:11,140,11.1,05:23,90,38,,2209.10,,,
,00:13:12,140,11.2,05:22,89,38,,2212.00,,,
,00:13:13,140,11.2,05:22,89,38,,2215.50,,,
,00:13:14,139,11.1,05:24,89,38,,2218.10,,,
,00:13:15,139,11.1,05:25,89,38,,2221.50,,,
,00:13:16,139,11.0,05:26,89,38,,2224.40,,,
,00:13:17,139,11.0,05:26,89,38,,2227.30,,,
,00:13:18,138,11.0,05:26,89,38,,2230.90,,,
,00:13:19,138,11.0,05:27,89,38,,2233.50,,,
,00:13:20,138,11.0,05:27,89,38,,2236.70,,,
,00:13:21,138,11.0,05:27,89,38,,2240.00,,,
,00:13:22,138,11.0,05:27,89,38,,2242.60,,,
,00:13:23,138,11.0,05:28,89,38,,2245.50,,,
,00:13:24,138,11.0,05:28,89,38,,2248.30,,,
,00:13:25,138,11.0,05:28,89,38,,2251.10,,,
,00:13:26,138,11.0,05:28,89,38,,2253.80,,,
,00:13:27,138,11.0,05:28,89,38,,2256.80,,,
,00:13:28,138,11.0,05:28,89,38,,2259.50,,,
,00:13:29,138,11.0,05:28,89,38,,2262.60,,,
,00:13:30,139,10.9,05:29,87,38,,2265.30,,,
,00:13:31,139,10.9,05:30,88,38,,2268.00,,,
,00:13:32,139,10.9,05:30,88,38,,2271.50,,,
,00:13:33,139,10.9,05:30,88,38,,2274.40,,,
,00:13:34,139,10.9,05:30,88,38,,2277.90,,,
,00:13:35,139,10.9,05:31,88,38,,2280.60,,,
,00:13:36,140,10.9,05:31,88,39,,2283.20,,,
,00:13:37,140,10.9,05:31,88,39,,2286.50,,,
,00:13:38,141,10.9,05:31,88,39,,2289.50,,,
,00:13:39,141,10.9,05:31,88,39,,2292.40,,,
,00:13:40,142,10.9,05:31,88,39,,2295.30,,,
,00:13:41,142,10.9,05:31,88,39,,2297.80,,,
,00:13:42,142,10.9,05:31,89,39,,2301.00,,,
,00:13:43,143,10.9,05:31,89,40,,2303.30,,,
,00:13:44,143,10.8,05:32,89,40,,2306.60,,,
,00:13:45,143,10.8,05:33,89,40,,2309.40,,,
,00:13:46,143,10.7,05:36,89,40,,2311.80,,,
,00:13:47,143,10.5,05:42,89,41,,2314.30,,,
,00:13:48,144,10.2,05:51,87,41,,2317.10,,,
,00:13:49,144,10.1,05:57,86,41,,2319.70,,,
,00:13:50,144,10.2,05:53,86,41,,2322.50,,,
,00:13:51,144,10.2,05:52,86,41,,2324.90,,,
,00:13:52,145,10.2,05:52,86,41,,2327.50,,,
,00:13:53,145,10.2,05:51,87,41,,2330.00,,,
,00:13:54,145,10.2,05:53,88,42,,2332.50,,,
,00:13:55,145,10.2,05:52,88,42,,2335.20,,,
,00:13:56,145,10.1,05:55,88,42,,2338.20,,,
,00:13:57,146,9.9,06:04,88,42,,2340.30,,,
,00:13:58,146,9.6,06:13,88,42,,2342.80,,,
,00:13:59,146,9.4,06:21,87,42,,2344.90,,,
,00:14:00,146,9.2,06:31,86,43,,2347.10,,,
,00:14:01,146,9.0,06:38,86,43,,2349.20,,,
,00:14:02,147,8.9,06:43,86,43,,2351.50,,,
,00:14:03,147,8.9,06:45,85,43,,2353.70,,,
,00:14:04,147,9.0,06:38,85,43,,2356.30,,,
,00:14:05,147,9.2,06:32,85,43,,2358.90,,,
,00:14:06,147,9.3,06:28,85,43,,2361.40,,,
,00:14:07,147,9.5,06:21,84,44,,2364.50,,,
,00:14:08,148,9.6,06:15,84,44,,2367.60,,,
,00:14:09,148,9.7,06:11,84,44,,2370.70,,,
,00:14:10,148,9.8,06:08,84,44,,2373.70,,,
,00:14:11,148,9.9,06:05,84,44,,2376.90,,,
,00:14:12,149,9.9,06:03,85,44,,2379.90,,,
,00:14:13,149,10.2,05:54,85,45,,2383.00,,,
,00:14:14,149,10.4,05:47,87,45,,2386.40,,,
,00:14:15,149,10.4,05:48,87,45,,2389.80,,,
,00:14:16,149,10.3,05:49,88,45,,2392.30,,,
,00:14:17,149,10.3,05:50,87,45,,2394.50,,,
,00:14:18,148,10.2,05:52,88,45,,2397.20,,,
,00:14:19,147,10.2,05:54,88,45,,2400.10,,,
,00:14:20,147,10.2,05:54,88,45,,2402.30,,,
,00:14:21,146,10.1,05:57,88,45,,2404.20,,,
,00:14:22,146,10.0,06:00,88,45,,2406.10,,,
,00:14:23,146,10.0,06:00,88,45,,2408.90,,,
,00:14:24,145,10.0,06:00,88,45,,2411.80,,,
,00:14:25,145,10.0,05:59,88,45,,2415.00,,,
,00:14:26,145,10.0,05:59,88,45,,2417.70,,,
,00:14:27,145,10.0,05:59,88,45,,2420.50,,,
,00:14:28,145,10.0,06:00,88,45,,2423.50,,,
,00:14:29,145,10.0,06:01,88,45,,2426.00,,,
,00:14:30,144,9.9,06:02,88,45,,2428.70,,,
,00:14:31,144,9.9,06:03,88,45,,2431.90,,,
,00:14:32,144,9.9,06:03,88,45,,2434.30,,,
,00:14:33,144,9.9,06:04,88,45,,2436.90,,,
,00:14:34,144,9.9,06:04,89,46,,2439.70,,,
,00:14:35,144,9.9,06:04,89,46,,2442.70,,,
,00:14:36,144,9.9,06:04,90,46,,2445.50,,,
,00:14:37,143,9.9,06:05,90,46,,2449.00,,,
,00:14:38,143,9.9,06:04,90,46,,2451.90,,,
,00:14:39,143,10.0,06:02,90,46,,2455.30,,,
,00:14:40,143,10.0,06:00,90,46,,2458.20,,,
,00:14:41,142,10.0,05:59,90,46,,2461.70,,,
,00:14:42,142,10.0,05:59,90,46,,2465.00,,,
,00:14:43,142,10.0,05:59,90,46,,2468.20,,,
,00:14:44,142,10.0,05:59,89,46,,2471.30,,,
,00:14:45,142,10.0,06:00,89,46,,2474.20,,,
,00:14:46,142,10.0,06:00,89,46,,2477.10,,,
,00:14:47,142,10.0,06:01,90,46,,2479.90,,,
,00:14:48,141,10.0,06:01,89,46,,2482.60,,,
,00:14:49,141,10.0,06:01,90,46,,2485.70,,,
,00:14:50,141,10.0,06:01,90,46,,2487.90,,,
,00:14:51,141,10.0,06:01,90,46,,2490.90,,,
,00:14:52,141,10.0,06:00,90,46,,2493.70,,,
,00:14:53,141,10.0,06:00,90,46,,2496.90,,,
,00:14:54,141,10.0,05:59,89,46,,2499.90,,,
,00:14:55,141,10.0,05:59,89,45,,2502.70,,,
,00:14:56,141,10.1,05:57,89,45,,2505.80,,,
,00:14:57,141,10.1,05:56,89,45,,2508.90,,,
,00:14:58,141,10.1,05:56,89,45,,2511.50,,,
,00:14:59,141,10.1,05:55,90,45,,2514.90,,,
,00:15:00,141,10.2,05:54,87,45,,2517.50,,,
,00:15:01,141,10.2,05:54,88,45,,2520.10,,,
,00:15:02,141,10.2,05:53,88,45,,2522.40,,,
,00:15:03,141,10.2,05:53,86,45,,2525.20,,,
,00:15:04,141,10.2,05:53,87,45,,2527.60,,,
,00:15:05,142,10.2,05:53,88,45,,2530.20,,,
,00:15:06,142,10.1,05:56,88,45,,2533.00,,,
,00:15:07,142,10.1,05:58,87,45,,2535.50,,,
,00:15:08,143,10.1,05:57,86,45,,2537.90,,,
,00:15:09,143,10.1,05:56,86,45,,2540.80,,,
,00:15:10,143,10.1,05:55,87,45,,2543.70,,,
,00:15:11,143,10.1,05:55,88,45,,2546.40,,,
,00:15:12,143,10.2,05:54,88,45,,2548.90,,,
,00:15:13,144,10.2,05:54,88,45,,2552.00,,,
,00:15:14,144,10.2,05:55,87,45,,2554.70,,,
,00:15:15,144,10.2,05:55,88,45,,2557.50,,,
,00:15:16,144,10.1,05:57,88,45,,2560.40,,,
,00:15:17,144,10.0,05:59,88,45,,2562.70,,,
,00:15:18,144,10.0,05:58,88,45,,2565.20,,,
,00:15:19,144,10.1,05:58,88,45,,2567.90,,,
,00:15:20,144,10.1,05:58,88,45,,2570.70,,,
,00:15:21,144,10.1,05:58,88,45,,2574.00,,,
,00:15:22,144,10.1,05:57,87,45,,2576.60,,,
,00:15:23,144,10.1,05:55,88,45,,2579.40,,,
,00:15:24,144,10.1,05:56,86,45,,2582.30,,,
,00:15:25,145,10.0,06:00,86,,,2585.00,,,
,00:15:26,145,10.1,05:58,88,,,2587.80,,,
,00:15:27,145,10.1,05:56,88,,,2587.80,,,
,00:15:28,145,10.2,05:53,88,,,2587.80,,,
,00:15:29,145,10.3,05:51,88,,,2587.80,,,
,00:15:30,146,10.3,05:49,88,,,2590.70,,,
,00:15:31,146,10.3,05:48,88,,,2593.50,,,
,00:15:32,146,10.3,05:48,88,,,2596.40,,,
,00:15:33,146,10.3,05:48,88,,,2599.20,,,
,00:15:34,146,10.3,05:49,88,,,2602.10,,,
,00:15:35,147,10.7,05:36,88,45,,2604.90,,,
,00:15:36,147,10.6,05:39,88,45,,2604.90,,,
,00:15:37,147,10.2,05:51,88,45,,2604.90,,,
,00:15:38,147,10.4,05:47,88,45,,2604.90,,,
,00:15:39,147,10.7,05:36,88,45,,2609.11,,,
,00:15:40,147,10.6,05:40,88,45,,2613.33,,,
,00:15:41,147,10.2,05:52,88,45,,2617.54,,,
,00:15:42,147,10.2,05:54,88,45,,2621.75,,,
,00:15:43,147,10.2,05:53,89,45,,2625.97,,,
,00:15:44,147,10.2,05:52,89,45,,2630.18,,,
,00:15:45,147,10.2,05:52,89,45,,2633.80,,,
,00:15:46,147,10.3,05:51,87,45,,2633.80,,,
,00:15:47,147,10.3,05:50,86,45,,2633.80,,,
,00:15:48,147,10.3,05:50,87,45,,2633.80,,,
,00:15:49,146,10.3,05:50,88,45,,2633.80,,,
,00:15:50,146,10.3,05:50,88,45,,2637.10,,,
,00:15:51,147,10.3,05:49,88,45,,2639.80,,,
,00:15:52,147,10.3,05:49,88,45,,2642.90,,,
,00:15:53,147,10.3,05:49,88,45,,2646.20,,,
,00:15:54,147,10.3,05:49,88,45,,2648.70,,,
,00:15:55,147,10.2,05:51,88,45,,2650.80,,,
,00:15:56,147,9.9,06:03,88,45,,2652.20,,,
,00:15:57,147,9.5,06:19,88,45,,2653.40,,,
,00:15:58,147,9.3,06:26,88,45,,2655.30,,,
,00:15:59,147,9.4,06:22,88,45,,2657.50,,,
,00:16:00,147,9.6,06:16,88,45,,2660.50,,,
,00:16:01,147,9.8,06:07,88,46,,2662.20,,,
,00:16:02,147,10.1,05:58,88,46,,2664.50,,,
,00:16:03,147,10.3,05:51,88,46,,2668.30,,,
,00:16:04,147,10.4,05:47,88,46,,2672.51,,,
,00:16:05,147,10.5,05:42,88,46,,2676.73,,,
,00:16:06,147,10.7,05:36,88,46,,2680.94,,,
,00:16:07,147,10.8,05:34,88,46,,2684.60,,,
,00:16:08,147,10.8,05:34,88,46,,2687.90,,,
,00:16:09,147,10.8,05:34,88,46,,2690.60,,,
,00:16:10,146,10.8,05:32,88,47,,2693.90,,,
,00:16:11,146,11.0,05:27,88,47,,2697.10,,,
,00:16:12,146,11.1,05:23,88,47,,2700.60,,,
,00:16:13,146,11.2,05:23,88,47,,2703.30,,,
,00:16:14,145,11.3,05:20,87,47,,2706.70,,,
,00:16:15,145,11.3,05:20,88,47,,2709.80,,,
,00:16:16,145,11.3,05:20,88,47,,2713.10,,,
,00:16:17,145,11.4,05:15,88,47,,2716.40,,,
,00:16:18,145,11.5,05:14,88,47,,2719.50,,,
,00:16:19,145,11.5,05:14,88,47,,2722.60,,,
,00:16:20,145,11.4,05:17,88,47,,2725.80,,,
,00:16:21,145,11.2,05:22,88,47,,2728.70,,,
,00:16:22,145,11.1,05:25,88,47,,2732.20,,,
,00:16:23,145,11.0,05:29,88,47,,2735.20,,,
,00:16:24,145,10.9,05:31,90,47,,2738.10,,,
,00:16:25,145,10.8,05:33,90,47,,2741.50,,,
,00:16:26,145,10.8,05:34,90,47,,2744.40,,,
,00:16:27,145,10.8,05:34,90,47,,2747.20,,,
,00:16:28,145,10.8,05:33,90,47,,2750.40,,,
,00:16:29,144,10.8,05:33,90,47,,2753.20,,,
,00:16:30,144,10.8,05:33,90,47,,2756.70,,,
,00:16:31,144,10.9,05:32,90,47,,2760.00,,,
,00:16:32,143,10.9,05:31,90,47,,2762.90,,,
,00:16:33,143,10.9,05:30,90,47,,2765.90,,,
,00:16:34,143,10.9,05:29,90,47,,2768.60,,,
,00:16:35,142,11.0,05:28,89,47,,2772.10,,,
,00:16:36,142,11.0,05:28,89,47,,2775.20,,,
,00:16:37,142,11.0,05:27,89,47,,2778.30,,,
,00:16:38,142,11.0,05:27,90,47,,2781.70,,,
,00:16:39,142,11.0,05:26,90,47,,2784.10,,,
,00:16:40,141,11.0,05:26,90,47,,2787.50,,,
,00:16:41,141,11.1,05:25,90,47,,2790.80,,,
,00:16:42,141,11.1,05:25,90,47,,2794.30,,,
,00:16:43,141,11.1,05:24,90,46,,2797.60,,,
,00:16:44,141,11.1,05:24,90,46,,2800.90,,,
,00:16:45,141,11.1,05:23,90,46,,2804.00,,,
,00:16:46,141,11.1,05:23,90,46,,2807.20,,,
,00:16:47,141,11.2,05:23,90,46,,2810.10,,,
,00:16:48,141,11.2,05:22,89,46,,2813.90,,,
,00:16:49,142,11.2,05:22,89,46,,2816.60,,,
,00:16:50,142,11.2,05:22,89,46,,2819.70,,,
,00:16:51,142,11.2,05:22,89,46,,2822.40,,,
,00:16:52,142,11.2,05:21,89,46,,2825.70,,,
,00:16:53,142,11.2,05:21,89,46,,2828.20,,,
,00:16:54,142,11.2,05:21,89,46,,2831.50,,,
,00:16:55,143,11.2,05:21,89,46,,2834.70,,,
,00:16:56,143,11.2,05:21,89,46,,2837.70,,,
,00:16:57,143,11.2,05:20,89,46,,2840.40,,,
,00:16:58,143,11.2,05:22,89,46,,2843.50,,,
,00:16:59,143,11.1,05:24,89,46,,2846.30,,,
,00:17:00,143,11.1,05:23,89,46,,2849.30,,,
,00:17:01,143,11.2,05:23,89,46,,2852.10,,,
,00:17:02,143,11.2,05:22,89,46,,2855.20,,,
,00:17:03,143,11.2,05:22,89,46,,2857.90,,,
,00:17:04,143,11.2,05:22,89,46,,2860.50,,,
,00:17:05,143,11.2,05:21,89,46,,2863.80,,,
,00:17:06,143,11.2,05:21,89,46,,2867.10,,,
,00:17:07,143,11.2,05:21,90,46,,2870.30,,,
,00:17:08,143,11.2,05:21,89,46,,2873.80,,,
,00:17:09,143,11.2,05:21,89,46,,2876.50,,,
,00:17:10,143,11.2,05:21,89,46,,2879.50,,,
,00:17:11,143,11.2,05:21,89,46,,2882.80,,,
,00:17:12,143,11.2,05:21,89,46,,2885.80,,,
,00:17:13,143,11.2,05:22,89,46,,2888.80,,,
,00:17:14,143,11.2,05:22,89,46,,2891.70,,,
,00:17:15,143,11.2,05:22,89,46,,2894.10,,,
,00:17:16,143,11.2,05:22,89,46,,2897.40,,,
,00:17:17,143,11.1,05:23,89,46,,2900.20,,,
,00:17:18,143,11.1,05:23,89,46,,2903.10,,,
,00:17:19,143,11.0,05:28,89,46,,2905.80,,,
,00:17:20,143,10.7,05:37,89,46,,2907.60,,,
,00:17:21,143,10.5,05:44,89,46,,2910.20,,,
,00:17:22,143,10.4,05:45,89,46,,2913.30,,,
,00:17:23,144,10.5,05:41,89,46,,2915.90,,,
,00:17:24,144,10.6,05:38,87,46,,2918.70,,,
,00:17:25,144,10.7,05:38,86,46,,2921.20,,,
,00:17:26,144,10.5,05:43,85,45,,2923.80,,,
,00:17:27,144,10.4,05:48,85,45,,2926.30,,,
,00:17:28,144,10.2,05:52,85,45,,2929.10,,,
,00:17:29,144,9.9,06:02,87,45,,2932.00,,,
,00:17:30,144,9.7,06:11,88,45,,2934.40,,,
,00:17:31,144,9.5,06:18,88,45,,2936.60,,,
,00:17:32,144,9.3,06:27,88,45,,2938.50,,,
,00:17:33,144,9.3,06:29,88,45,,2941.00,,,
,00:17:34,144,9.3,06:26,88,45,,2943.20,,,
,00:17:35,145,9.3,06:26,88,45,,2945.60,,,
,00:17:36,145,9.5,06:21,89,45,,2948.00,,,
,00:17:37,145,9.6,06:15,90,45,,2950.50,,,
,00:17:38,145,9.6,06:14,89,45,,2953.00,,,
,00:17:39,145,9.8,06:09,89,45,,2955.80,,,
,00:17:40,145,9.9,06:03,89,45,,2958.60,,,
,00:17:41,145,10.1,05:58,90,45,,2961.80,,,
,00:17:42,145,10.2,05:54,89,45,,2964.90,,,
,00:17:43,145,10.3,05:51,89,45,,2967.90,,,
,00:17:44,145,10.3,05:48,89,45,,2971.10,,,
,00:17:45,145,10.4,05:46,87,45,,2974.30,,,
,00:17:46,145,10.4,05:45,86,45,,2977.20,,,
,00:17:47,145,10.4,05:45,86,45,,2980.30,,,
,00:17:48,145,10.5,05:44,88,45,,2983.30,,,
,00:17:49,145,10.5,05:44,88,44,,2986.30,,,
,00:17:50,145,10.5,05:43,88,44,,2989.50,,,
,00:17:51,145,10.5,05:43,88,44,,2992.20,,,
,00:17:52,145,10.5,05:43,88,44,,2995.10,,,
,00:17:53,146,10.5,05:43,88,45,,2998.40,,,
,00:17:54,146,10.5,05:43,88,45,,3001.60,,,
,00:17:55,146,10.5,05:43,88,45,,3004.80,,,
,00:17:56,146,10.5,05:43,88,45,,3008.00,,,
,00:17:57,146,10.5,05:43,88,45,,3011.00,,,
,00:17:58,146,10.5,05:43,88,45,,3014.40,,,
,00:17:59,146,10.5,05:43,88,45,,3017.30,,,
,00:18:00,146,10.5,05:43,88,45,,3020.30,,,
,00:18:01,146,10.5,05:43,89,45,,3023.60,,,
,00:18:02,146,10.5,05:43,90,45,,3026.30,,,
,00:18:03,146,10.5,05:42,90,45,,3029.60,,,
,00:18:04,146,10.5,05:42,89,45,,3032.50,,,
,00:18:05,146,10.5,05:42,90,45,,3035.60,,,
,00:18:06,146,10.5,05:42,89,45,,3038.70,,,
,00:18:07,146,10.5,05:42,90,45,,3041.40,,,
,00:18:08,146,10.5,05:42,89,45,,3044.80,,,
,00:18:09,146,10.5,05:42,89,45,,3048.00,,,
,00:18:10,146,10.5,05:42,89,45,,3050.70,,,
,00:18:11,146,10.5,05:42,89,45,,3053.90,,,
,00:18:12,146,10.5,05:42,89,45,,3056.40,,,
,00:18:13,146,10.5,05:42,89,45,,3059.40,,,
,00:18:14,146,10.5,05:43,89,45,,3062.20,,,
,00:18:15,147,10.5,05:43,89,45,,3065.20,,,
,00:18:16,147,10.5,05:43,89,45,,3068.20,,,
,00:18:17,147,10.5,05:42,89,45,,3071.00,,,
,00:18:18,147,10.5,05:42,90,45,,3073.80,,,
,00:18:19,147,10.5,05:42,89,45,,3076.90,,,
,00:18:20,147,10.6,05:41,89,45,,3079.60,,,
,00:18:21,148,10.6,05:40,89,45,,3083.00,,,
,00:18:22,148,10.6,05:39,89,45,,3085.90,,,
,00:18:23,148,10.6,05:39,89,45,,3088.70,,,
,00:18:24,148,10.6,05:38,89,45,,3092.00,,,
,00:18:25,148,10.7,05:38,89,45,,3094.40,,,
,00:18:26,149,10.7,05:38,89,45,,3097.30,,,
,00:18:27,149,10.6,05:39,89,45,,3100.20,,,
,00:18:28,149,10.6,05:40,89,45,,3103.10,,,
,00:18:29,149,10.6,05:40,89,45,,3106.20,,,
,00:18:30,149,10.6,05:39,89,45,,3109.50,,,
,00:18:31,148,10.6,05:38,89,45,,3112.00,,,
,00:18:32,148,10.6,05:38,89,45,,3115.00,,,
,00:18:33,148,10.7,05:38,89,45,,3117.90,,,
,00:18:34,148,10.7,05:37,89,45,,3121.50,,,
,00:18:35,148,10.7,05:37,90,45,,3124.40,,,
,00:18:36,148,10.7,05:37,89,45,,3127.40,,,
,00:18:37,148,10.7,05:36,90,45,,3130.60,,,
,00:18:38,147,10.7,05:36,89,45,,3133.90,,,
,00:18:39,147,10.7,05:35,89,45,,3136.50,,,
,00:18:40,147,10.7,05:35,89,45,,3139.90,,,
,00:18:41,147,10.8,05:35,90,45,,3143.00,,,
,00:18:42,147,10.8,05:35,90,45,,3145.60,,,
,00:18:43,147,10.8,05:34,90,45,,3148.50,,,
,00:18:44,146,10.8,05:34,89,45,,3151.40,,,
,00:18:45,146,10.8,05:34,89,45,,3154.80,,,
,00:18:46,146,10.8,05:34,89,45,,3158.00,,,
,00:18:47,146,10.8,05:33,89,45,,3160.70,,,
,00:18:48,146,10.8,05:32,89,45,,3164.00,,,
,00:18:49,146,10.9,05:31,90,45,,3167.00,,,
,00:18:50,146,10.9,05:30,90,45,,3170.30,,,
,00:18:51,146,10.9,05:29,90,45,,3173.40,,,
,00:18:52,146,10.9,05:29,90,45,,3176.50,,,
,00:18:53,146,11.0,05:28,90,45,,3179.80,,,
,00:18:54,145,11.0,05:28,90,45,,3182.80,,,
,00:18:55,145,11.0,05:28,89,45,,3185.90,,,
,00:18:56,145,11.0,05:28,89,45,,3189.00,,,
,00:18:57,145,11.0,05:27,89,45,,3192.30,,,
,00:18:58,145,11.0,05:27,89,45,,3195.60,,,
,00:18:59,145,11.0,05:27,89,45,,3198.10,,,
,00:19:00,145,11.0,05:27,89,45,,3201.30,,,
,00:19:01,145,10.8,05:33,90,45,,3203.30,,,
,00:19:02,145,10.3,05:49,89,45,,3205.40,,,
,00:19:03,145,9.8,06:08,89,46,,3207.20,,,
,00:19:04,145,9.5,06:19,89,46,,3209.40,,,
,00:19:05,145,9.5,06:17,89,46,,3211.70,,,
,00:19:06,145,9.8,06:09,89,46,,3213.90,,,
,00:19:07,145,9.9,06:03,89,46,,3216.40,,,
,00:19:08,145,9.9,06:02,89,46,,3218.60,,,
,00:19:09,145,9.7,06:12,90,46,,3220.60,,,
,00:19:10,145,9.3,06:26,90,46,,3223.20,,,
,00:19:11,145,9.0,06:38,90,46,,3225.70,,,
,00:19:12,145,8.9,06:46,90,46,,3228.20,,,
,00:19:13,145,8.9,06:46,90,46,,3230.70,,,
,00:19:14,145,9.1,06:36,90,46,,3233.60,,,
,00:19:15,145,9.4,06:22,90,46,,3236.60,,,
,00:19:16,144,9.7,06:11,90,46,,3239.80,,,
,00:19:17,144,10.0,06:00,90,46,,3243.20,,,
,00:19:18,144,10.2,05:54,90,46,,3247.41,,,
,00:19:19,144,10.3,05:51,90,46,,3251.30,,,
,00:19:20,144,10.6,05:41,90,46,,3255.30,,,
,00:19:21,144,11.0,05:26,90,46,,3259.51,,,
,00:19:22,144,11.5,05:14,90,46,,3263.73,,,
,00:19:23,144,11.8,05:05,90,46,,3267.94,,,
,00:19:24,144,12.1,04:58,89,46,,3271.70,,,
,00:19:25,143,12.2,04:54,90,46,,3275.10,,,
,00:19:26,143,12.3,04:54,90,46,,3279.20,,,
,00:19:27,143,12.1,04:57,90,46,,3282.40,,,
,00:19:28,143,11.9,05:02,90,46,,3286.20,,,
,00:19:29,143,11.8,05:06,90,46,,3289.50,,,
,00:19:30,143,11.6,05:10,90,46,,3292.90,,,
,00:19:31,143,11.6,05:11,90,46,,3296.00,,,
,00:19:32,143,11.8,05:06,90,47,,3299.10,,,
,00:19:33,143,11.9,05:01,90,47,,3303.00,,,
,00:19:34,143,12.1,04:57,90,47,,3306.70,,,
,00:19:35,142,12.5,04:49,90,47,,3310.30,,,
,00:19:36,142,12.7,04:44,90,47,,3314.30,,,
,00:19:37,142,12.9,04:40,90,46,,3318.20,,,
,00:19:38,142,13.1,04:35,90,46,,3322.40,,,
,00:19:39,142,13.1,04:35,90,46,,3325.70,,,
,00:19:40,142,12.9,04:38,90,46,,3329.50,,,
,00:19:41,142,12.8,04:41,90,46,,3333.00,,,
,00:19:42,142,12.5,04:47,89,46,,3335.80,,,
,00:19:43,142,12.3,04:52,89,46,,3339.30,,,
,00:19:44,142,12.2,04:56,89,46,,3342.60,,,
,00:19:45,142,12.0,04:59,88,46,,3345.60,,,
,00:19:46,142,12.0,05:00,88,46,,3349.00,,,
,00:19:47,142,11.9,05:01,86,46,,3352.20,,,
,00:19:48,143,11.9,05:02,87,46,,3356.10,,,
,00:19:49,143,11.9,05:02,88,46,,3359.70,,,
,00:19:50,143,12.0,05:01,88,46,,3362.90,,,
,00:19:51,143,12.0,05:00,86,46,,3366.80,,,
,00:19:52,143,12.0,05:00,86,46,,3370.30,,,
,00:19:53,143,12.0,05:00,86,46,,3373.70,,,
,00:19:54,142,12.0,04:59,88,46,,3376.90,,,
,00:19:55,142,12.0,04:59,88,46,,3380.20,,,
,00:19:56,142,12.1,04:59,88,45,,3383.50,,,
,00:19:57,142,12.1,04:58,88,45,,3387.00,,,
,00:19:58,141,12.1,04:57,89,45,,3390.50,,,
,00:19:59,141,12.2,04:56,89,45,,3394.30,,,
,00:20:00,140,12.2,04:55,90,45,,3397.90,,,
,00:20:01,140,12.2,04:54,90,45,,3401.50,,,
,00:20:02,140,12.3,04:53,90,45,,3405.30,,,
,00:20:03,139,12.3,04:52,90,45,,3409.20,,,
,00:20:04,139,12.4,04:51,90,45,,3413.20,,,
,00:20:05,139,12.4,04:50,90,45,,3416.90,,,
,00:20:06,139,12.4,04:49,90,45,,3420.50,,,
,00:20:07,139,12.5,04:48,90,45,,3424.10,,,
,00:20:08,138,12.5,04:48,90,44,,3427.50,,,
,00:20:09,138,12.5,04:47,90,44,,3430.90,,,
,00:20:10,138,12.6,04:46,90,44,,3434.30,,,
,00:20:11,137,12.6,04:46,90,44,,3437.40,,,
,00:20:12,137,12.6,04:46,90,44,,3440.30,,,
,00:20:13,137,12.6,04:46,90,43,,3443.10,,,
,00:20:14,136,12.5,04:47,90,43,,3446.10,,,
,00:20:15,136,12.5,04:49,90,43,,3448.60,,,
,00:20:16,136,12.3,04:52,90,43,,3451.50,,,
,00:20:17,136,12.2,04:55,90,43,,3454.30,,,
,00:20:18,136,12.2,04:56,90,43,,3457.00,,,
,00:20:19,135,12.2,04:55,90,42,,3459.50,,,
,00:20:20,135,12.2,04:54,90,42,,3462.00,,,
,00:20:21,135,12.3,04:53,90,42,,3465.00,,,
,00:20:22,134,12.3,04:52,90,42,,3467.80,,,
,00:20:23,134,12.4,04:51,89,42,,3470.30,,,
,00:20:24,134,12.4,04:50,89,41,,3473.10,,,
,00:20:25,134,12.4,04:50,90,41,,3476.50,,,
,00:20:26,133,12.4,04:50,90,41,,3480.40,,,
,00:20:27,133,12.4,04:50,90,41,,3484.10,,,
,00:20:28,133,12.4,04:51,90,41,,3487.70,,,
,00:20:29,132,12.3,04:52,90,41,,3491.00,,,
,00:20:30,132,12.3,04:52,90,41,,3494.40,,,
,00:20:31,132,12.3,04:52,90,41,,3497.90,,,
,00:20:32,132,12.4,04:51,90,41,,3501.40,,,
,00:20:33,132,12.4,04:51,90,41,,3504.70,,,
,00:20:34,132,12.4,04:51,89,41,,3508.10,,,
,00:20:35,132,12.4,04:51,89,40,,3511.50,,,
,00:20:36,133,12.4,04:51,89,40,,3514.90,,,
,00:20:37,133,12.3,04:52,89,40,,3518.30,,,
,00:20:38,133,12.3,04:52,89,40,,3521.80,,,
,00:20:39,133,12.3,04:53,89,40,,3525.30,,,
,00:20:40,133,12.3,04:53,89,40,,3529.00,,,
,00:20:41,133,12.3,04:53,90,40,,3532.40,,,
,00:20:42,134,12.3,04:53,89,40,,3535.40,,,
,00:20:43,134,12.3,04:53,90,40,,3538.70,,,
,00:20:44,134,12.3,04:53,90,40,,3542.20,,,
,00:20:45,134,12.3,04:54,90,40,,3545.50,,,
,00:20:46,134,12.2,04:54,90,40,,3547.50,,,
,00:20:47,134,12.2,04:54,90,40,,3551.71,,,
,00:20:48,134,12.2,04:55,90,40,,3555.40,,,
,00:20:49,133,12.2,04:55,90,40,,3558.80,,,
,00:20:50,133,12.2,04:55,90,39,,3562.50,,,
,00:20:51,133,12.2,04:55,90,39,,3566.40,,,
,00:20:52,133,12.2,04:55,90,39,,3570.40,,,
,00:20:53,133,12.2,04:56,90,39,,3574.20,,,
,00:20:54,133,12.2,04:56,90,39,,3578.00,,,
,00:20:55,133,12.2,04:56,90,39,,3581.80,,,
,00:20:56,133,12.2,04:55,90,39,,3585.40,,,
,00:20:57,133,12.2,04:55,90,39,,3588.70,,,
,00:20:58,133,12.2,04:54,90,38,,3592.00,,,
,00:20:59,133,12.2,04:54,90,38,,3595.70,,,
,00:21:00,133,12.2,04:54,90,38,,3599.00,,,
,00:21:01,133,12.2,04:54,90,38,,3602.30,,,
,00:21:02,133,12.2,04:54,90,38,,3605.40,,,
,00:21:03,133,12.2,04:55,90,38,,3608.60,,,
,00:21:04,133,12.2,04:55,90,37,,3611.80,,,
,00:21:05,133,12.2,04:56,90,37,,3615.20,,,
,00:21:06,133,12.1,04:57,90,37,,3618.60,,,
,00:21:07,133,12.1,04:57,90,37,,3621.90,,,
,00:21:08,133,12.4,04:51,90,37,,3625.60,,,
,00:21:09,134,13.0,04:38,90,37,,3629.81,,,
,00:21:10,134,14.3,04:11,90,36,,3634.03,,,
,00:21:11,134,14.3,04:11,90,36,,3638.20,,,
,00:21:12,134,15.2,03:57,88,36,,3641.90,,,
,00:21:13,135,14.8,04:04,87,36,,3646.00,,,
,00:21:14,135,14.3,04:12,86,36,,3649.50,,,
,00:21:15,135,13.7,04:23,88,36,,3652.50,,,
,00:21:16,135,13.0,04:37,89,35,,3654.80,,,
,00:21:17,135,12.4,04:51,90,35,,3656.60,,,
,00:21:18,135,11.9,05:03,90,35,,3658.60,,,
,00:21:19,135,11.5,05:12,90,35,,3660.20,,,
,00:21:20,135,11.3,05:18,90,35,,3661.80,,,
,00:21:21,135,11.3,05:18,90,34,,3664.00,,,
,00:21:22,135,11.4,05:15,90,34,,3667.10,,,
,00:21:23,136,11.6,05:11,90,34,,3670.40,,,
,00:21:24,136,11.7,05:08,90,34,,3673.40,,,
,00:21:25,136,11.8,05:05,90,34,,3676.80,,,
,00:21:26,136,11.9,05:03,90,34,,3680.80,,,
,00:21:27,136,11.9,05:02,90,34,,3684.70,,,
,00:21:28,137,12.0,05:00,90,33,,3688.50,,,
,00:21:29,137,12.1,04:58,90,33,,3691.90,,,
,00:21:30,137,12.1,04:57,90,33,,3695.60,,,
,00:21:31,137,12.2,04:56,90,33,,3699.20,,,
,00:21:32,138,12.2,04:55,90,33,,3702.90,,,
,00:21:33,138,12.2,04:54,90,33,,3706.40,,,
,00:21:34,138,12.3,04:54,90,33,,3709.90,,,
,00:21:35,138,12.3,04:53,90,33,,3713.40,,,
,00:21:36,138,12.3,04:53,90,32,,3716.90,,,
,00:21:37,138,12.3,04:53,90,32,,3720.30,,,
,00:21:38,138,12.3,04:53,90,32,,3723.70,,,
,00:21:39,138,12.3,04:52,92,32,,3727.00,,,
,00:21:40,139,12.3,04:52,91,32,,3730.30,,,
,00:21:41,139,12.3,04:52,91,32,,3733.50,,,
,00:21:42,139,12.3,04:53,91,32,,3737.10,,,
,00:21:43,139,12.3,04:53,91,32,,3740.50,,,
,00:21:44,139,12.3,04:53,91,32,,3743.80,,,
,00:21:45,139,12.3,04:52,91,32,,3747.30,,,
,00:21:46,139,12.3,04:52,91,31,,3750.90,,,
,00:21:47,139,12.3,04:52,92,31,,3754.50,,,
,00:21:48,140,12.3,04:52,93,31,,3758.20,,,
,00:21:49,140,12.3,04:52,92,31,,3761.90,,,
,00:21:50,140,12.3,04:52,91,31,,3765.40,,,
,00:21:51,140,12.3,04:52,91,31,,3769.00,,,
,00:21:52,140,12.3,04:52,91,31,,3772.70,,,
,00:21:53,140,12.3,04:52,91,31,,3776.30,,,
,00:21:54,141,12.3,04:52,91,31,,3779.80,,,
,00:21:55,141,12.3,04:52,91,30,,3783.30,,,
,00:21:56,141,12.3,04:52,91,30,,3786.90,,,
,00:21:57,141,12.3,04:52,91,30,,3790.50,,,
,00:21:58,141,12.3,04:52,93,30,,3794.20,,,
,00:21:59,142,12.3,04:52,93,30,,3797.80,,,
,00:22:00,142,12.3,04:52,93,30,,3801.40,,,
,00:22:01,142,12.3,04:52,93,30,,3805.00,,,
,00:22:02,142,12.3,04:52,93,30,,3808.70,,,
,00:22:03,143,12.4,04:51,93,30,,3812.50,,,
,00:22:04,143,12.4,04:51,92,30,,3816.10,,,
,00:22:05,143,12.4,04:51,91,30,,3819.70,,,
,00:22:06,143,12.4,04:50,91,29,,3823.40,,,
,00:22:07,143,12.4,04:50,91,29,,3826.90,,,
,00:22:08,143,12.4,04:50,91,29,,3830.60,,,
,00:22:09,143,12.4,04:50,91,29,,3834.30,,,
,00:22:10,143,12.4,04:50,91,29,,3837.90,,,
,00:22:11,143,12.4,04:49,93,29,,3841.40,,,
,00:22:12,143,12.4,04:49,93,29,,3845.00,,,
,00:22:13,143,12.4,04:49,93,29,,3848.60,,,
,00:22:14,144,12.4,04:49,92,29,,3851.90,,,
,00:22:15,144,12.5,04:49,91,28,,3855.40,,,
,00:22:16,144,12.5,04:49,91,28,,3858.90,,,
,00:22:17,144,12.5,04:48,91,28,,3862.50,,,
,00:22:18,145,12.5,04:48,91,28,,3866.00,,,
,00:22:19,145,12.5,04:48,91,28,,3869.50,,,
,00:22:20,145,12.5,04:47,91,28,,3873.20,,,
,00:22:21,145,12.6,04:47,91,28,,3876.90,,,
,00:22:22,145,12.6,04:46,91,28,,3880.50,,,
,00:22:23,145,12.6,04:46,91,28,,3884.20,,,
,00:22:24,145,12.6,04:45,91,28,,3887.90,,,
,00:22:25,145,12.6,04:45,93,28,,3891.50,,,
,00:22:26,145,12.6,04:45,92,28,,3895.00,,,
,00:22:27,145,12.6,04:45,91,28,,3898.80,,,
,00:22:28,146,12.7,04:45,91,28,,3902.70,,,
,00:22:29,146,12.7,04:45,91,28,,3906.50,,,
,00:22:30,146,12.7,04:44,91,28,,3910.20,,,
,00:22:31,146,12.7,04:44,91,28,,3914.10,,,
,00:22:32,146,12.7,04:44,91,27,,3918.00,,,
,00:22:33,146,12.8,04:42,91,27,,3922.10,,,
,00:22:34,146,12.9,04:38,91,27,,3926.31,,,
,00:22:35,146,13.1,04:35,91,27,,3930.53,,,
,00:22:36,146,13.1,04:34,91,27,,3934.30,,,
,00:22:37,146,13.1,04:36,91,27,,3938.00,,,
,00:22:38,146,13.0,04:37,91,27,,3941.60,,,
,00:22:39,146,13.0,04:37,91,27,,3945.00,,,
,00:22:40,146,12.9,04:39,90,27,,3948.10,,,
,00:22:41,146,12.7,04:44,89,27,,3951.00,,,
,00:22:42,146,12.4,04:51,89,27,,3953.60,,,
,00:22:43,146,12.1,04:56,90,26,,3956.40,,,
,00:22:44,146,12.0,05:01,90,26,,3958.90,,,
,00:22:45,146,11.7,05:07,89,26,,3960.90,,,
,00:22:46,146,11.3,05:18,89,26,,3962.40,,,
,00:22:47,146,9.0,06:39,89,26,,3962.90,,,
,00:22:48,146,2.4,24:41,89,25,,3962.90,,,
,00:22:49,146,2.4,24:50,88,25,,3962.90,,,
,00:22:50,145,2.3,25:33,79,25,,3962.90,,,
,00:22:51,145,2.3,26:31,69,25,,3962.90,,,
,00:22:52,146,2.2,26:51,74,25,,3962.90,,,
,00:22:53,146,3.7,16:11,85,25,,3963.30,,,
,00:22:54,146,6.4,09:26,87,25,,3964.60,,,
,00:22:55,146,8.2,07:21,88,25,,3967.40,,,
,00:22:56,146,9.3,06:26,89,25,,3970.60,,,
,00:22:57,146,10.2,05:53,90,25,,3973.90,,,
,00:22:58,146,10.9,05:31,90,24,,3977.60,,,
,00:22:59,146,11.3,05:19,90,24,,3981.81,,,
,00:23:00,146,11.5,05:13,90,24,,3986.03,,,
,00:23:01,146,11.7,05:06,90,24,,3990.24,,,
,00:23:02,146,11.9,05:02,90,24,,3994.45,,,
,00:23:03,146,12.1,04:59,90,24,,3998.67,,,
,00:23:04,146,12.2,04:56,92,24,,4002.88,,,
,00:23:05,146,12.2,04:55,93,24,,4007.00,,,
,00:23:06,146,12.2,04:55,93,24,,4010.20,,,
,00:23:07,146,12.2,04:55,91,24,,4013.60,,,
,00:23:08,146,12.2,04:56,91,24,,4016.60,,,
,00:23:09,146,12.1,04:56,91,24,,4019.60,,,
,00:23:10,146,12.1,04:57,91,24,,4022.70,,,
,00:23:11,146,12.1,04:58,89,24,,4025.80,,,
,00:23:12,147,12.0,04:59,89,24,,4028.70,,,
,00:23:13,147,12.0,05:01,89,24,,4031.80,,,
,00:23:14,147,11.9,05:02,89,24,,4034.80,,,
,00:23:15,147,11.9,05:04,89,24,,4037.80,,,
,00:23:16,148,11.8,05:05,89,24,,4040.60,,,
,00:23:17,148,11.7,05:07,89,24,,4043.50,,,
,00:23:18,148,11.7,05:08,89,24,,4046.70,,,
,00:23:19,148,11.6,05:10,89,24,,4049.70,,,
,00:23:20,149,11.5,05:12,90,24,,4052.50,,,
,00:23:21,149,11.4,05:14,90,24,,4055.40,,,
,00:23:22,149,11.4,05:16,90,24,,4058.40,,,
,00:23:23,149,11.3,05:17,89,24,,4061.20,,,
,00:23:24,149,11.3,05:19,89,24,,4064.10,,,
,00:23:25,149,11.3,05:20,90,25,,4066.90,,,
,00:23:26,150,11.2,05:21,90,25,,4069.90,,,
,00:23:27,150,11.2,05:22,90,25,,4073.10,,,
,00:23:28,150,11.2,05:23,90,25,,4076.30,,,
,00:23:29,150,11.1,05:24,90,25,,4079.30,,,
,00:23:30,150,11.1,05:24,90,25,,4082.50,,,
,00:23:31,150,11.1,05:25,89,25,,4085.50,,,
,00:23:32,150,11.0,05:26,89,25,,4088.50,,,
,00:23:33,150,11.0,05:27,89,25,,4091.60,,,
,00:23:34,150,11.0,05:28,89,25,,4094.70,,,
,00:23:35,150,11.0,05:29,89,25,,4097.90,,,
,00:23:36,150,10.9,05:29,89,25,,4100.90,,,
,00:23:37,150,10.9,05:29,89,26,,4103.80,,,
,00:23:38,150,10.9,05:29,89,26,,4107.20,,,
,00:23:39,150,10.9,05:29,89,26,,4110.40,,,
,00:23:40,150,11.0,05:29,89,26,,4113.60,,,
,00:23:41,150,11.0,05:28,89,26,,4116.80,,,
,00:23:42,150,11.0,05:28,90,26,,4119.70,,,
,00:23:43,150,11.0,05:28,90,26,,4122.60,,,
,00:23:44,150,11.0,05:27,90,26,,4125.40,,,
,00:23:45,150,11.0,05:27,90,26,,4128.50,,,
,00:23:46,150,11.0,05:27,92,27,,4131.40,,,
,00:23:47,150,11.0,05:26,91,27,,4134.40,,,
,00:23:48,150,11.0,05:26,92,27,,4137.20,,,
,00:23:49,150,11.1,05:26,93,27,,4140.30,,,
,00:23:50,150,11.1,05:26,93,27,,4143.20,,,
,00:23:51,150,11.1,05:25,93,27,,4146.20,,,
,00:23:52,150,11.1,05:25,93,27,,4149.50,,,
,00:23:53,150,11.1,05:25,93,27,,4152.70,,,
,00:23:54,150,11.1,05:25,93,27,,4155.90,,,
,00:23:55,150,11.1,05:25,93,28,,4159.10,,,
,00:23:56,150,11.1,05:25,93,28,,4162.30,,,
,00:23:57,150,11.1,05:25,92,28,,4165.60,,,
,00:23:58,150,11.1,05:25,91,28,,4169.00,,,
,00:23:59,149,11.1,05:24,91,28,,4171.90,,,
,00:24:00,149,11.1,05:24,91,28,,4175.10,,,
,00:24:01,149,11.1,05:24,91,28,,4178.20,,,
,00:24:02,149,11.1,05:24,91,28,,4181.10,,,
,00:24:03,149,11.1,05:24,90,28,,4183.90,,,
,00:24:04,149,11.1,05:24,90,28,,4186.70,,,
,00:24:05,149,11.1,05:25,89,28,,4189.40,,,
,00:24:06,149,11.1,05:25,90,28,,4192.30,,,
,00:24:07,149,11.1,05:25,90,28,,4195.00,,,
,00:24:08,149,11.0,05:26,90,28,,4198.30,,,
,00:24:09,149,11.0,05:26,90,28,,4201.20,,,
,00:24:10,149,11.0,05:26,89,28,,4204.30,,,
,00:24:11,149,11.0,05:27,89,28,,4207.30,,,
,00:24:12,149,11.0,05:27,89,28,,4210.60,,,
,00:24:13,149,11.0,05:27,89,28,,4213.20,,,
,00:24:14,149,11.0,05:28,89,28,,4216.20,,,
,00:24:15,149,11.0,05:28,89,28,,4219.00,,,
,00:24:16,149,10.9,05:29,89,28,,4221.90,,,
,00:24:17,149,10.9,05:29,89,28,,4224.60,,,
,00:24:18,148,10.9,05:30,89,28,,4227.30,,,
,00:24:19,148,10.9,05:30,89,28,,4230.10,,,
,00:24:20,148,10.9,05:30,89,28,,4233.00,,,
,00:24:21,148,10.9,05:30,90,28,,4235.60,,,
,00:24:22,148,10.9,05:30,90,28,,4238.90,,,
,00:24:23,149,10.9,05:30,89,28,,4241.90,,,
,00:24:24,149,10.9,05:30,89,28,,4244.80,,,
,00:24:25,149,10.9,05:30,89,28,,4247.60,,,
,00:24:26,149,10.9,05:31,89,28,,4250.90,,,
,00:24:27,149,10.9,05:31,89,28,,4253.50,,,
,00:24:28,149,10.9,05:32,89,28,,4256.30,,,
,00:24:29,149,10.8,05:32,89,28,,4259.00,,,
,00:24:30,149,10.8,05:33,89,28,,4261.70,,,
,00:24:31,149,10.8,05:33,89,28,,4264.40,,,
,00:24:32,149,10.8,05:34,89,28,,4267.00,,,
,00:24:33,149,10.8,05:35,90,28,,4269.90,,,
,00:24:34,149,10.7,05:35,89,28,,4272.90,,,
,00:24:35,149,10.7,05:36,90,28,,4275.20,,,
,00:24:36,149,10.6,05:40,90,28,,4278.20,,,
,00:24:37,149,10.4,05:45,90,28,,4281.40,,,
,00:24:38,149,10.4,05:46,90,28,,4284.00,,,
,00:24:39,149,10.4,05:45,90,28,,4286.70,,,
,00:24:40,149,10.4,05:45,90,28,,4289.60,,,
,00:24:41,149,10.5,05:44,90,28,,4292.70,,,
,00:24:42,149,10.5,05:44,89,28,,4295.40,,,
,00:24:43,149,10.5,05:44,89,28,,4297.90,,,
,00:24:44,149,10.5,05:44,90,28,,4300.90,,,
,00:24:45,149,10.5,05:44,90,28,,4304.10,,,
,00:24:46,149,10.4,05:45,89,28,,4306.60,,,
,00:24:47,149,10.4,05:45,89,28,,4309.70,,,
,00:24:48,149,10.4,05:45,89,28,,4312.40,,,
,00:24:49,149,10.4,05:46,89,28,,4315.00,,,
,00:24:50,150,10.4,05:46,89,28,,4317.70,,,
,00:24:51,150,10.4,05:47,89,28,,4320.40,,,
,00:24:52,149,10.4,05:47,89,28,,4323.50,,,
,00:24:53,150,10.3,05:51,89,28,,4326.00,,,
,00:24:54,150,10.1,05:58,89,28,,4328.30,,,
,00:24:55,150,9.8,06:06,89,28,,4330.70,,,
,00:24:56,150,9.7,06:11,89,28,,4333.50,,,
,00:24:57,150,9.8,06:09,90,28,,4335.90,,,
,00:24:58,150,9.8,06:06,90,28,,4338.40,,,
,00:24:59,151,9.9,06:03,90,28,,4341.00,,,
,00:25:00,151,10.0,06:01,90,28,,4343.60,,,
,00:25:01,151,10.0,06:00,90,28,,4346.10,,,
,00:25:02,151,10.0,05:59,90,28,,4348.90,,,
,00:25:03,151,10.0,05:59,89,28,,4351.80,,,
,00:25:04,151,10.0,05:59,89,28,,4354.70,,,
,00:25:05,151,10.1,05:58,89,28,,4357.40,,,
,00:25:06,151,10.1,05:58,87,28,,4360.50,,,
,00:25:07,151,10.1,05:58,86,28,,4363.40,,,
,00:25:08,151,10.1,05:58,86,28,,4366.20,,,
,00:25:09,151,10.1,05:58,86,28,,4369.00,,,
,00:25:10,151,10.1,05:58,88,28,,4371.70,,,
,00:25:11,151,10.1,05:58,88,28,,4374.60,,,
,00:25:12,151,10.1,05:58,88,28,,4377.50,,,
,00:25:13,151,10.1,05:58,88,28,,4380.40,,,
,00:25:14,151,10.1,05:58,88,28,,4383.20,,,
,00:25:15,152,10.1,05:58,87,28,,4386.40,,,
,00:25:16,152,10.1,05:58,86,28,,4389.00,,,
,00:25:17,152,10.0,05:59,88,28,,4391.90,,,
,00:25:18,152,10.0,05:59,88,28,,4394.70,,,
,00:25:19,152,10.0,06:00,88,28,,4397.40,,,
,00:25:20,152,10.0,06:00,88,28,,4400.20,,,
,00:25:21,152,10.0,06:00,88,29,,4403.10,,,
,00:25:22,152,10.0,06:00,88,29,,4405.90,,,
,00:25:23,152,10.0,06:00,88,29,,4408.90,,,
,00:25:24,152,10.0,06:01,88,29,,4411.50,,,
,00:25:25,152,10.0,06:01,90,29,,4414.90,,,
,00:25:26,152,10.0,06:01,90,29,,4417.80,,,
,00:25:27,152,10.0,06:01,90,30,,4420.80,,,
,00:25:28,151,10.0,05:59,90,30,,4423.80,,,
,00:25:29,151,10.2,05:53,90,30,,4427.10,,,
,00:25:30,151,10.4,05:46,90,30,,4430.20,,,
,00:25:31,151,10.5,05:44,90,30,,4433.60,,,
,00:25:32,150,10.4,05:47,90,30,,4436.70,,,
,00:25:33,150,10.3,05:49,90,30,,4439.70,,,
,00:25:34,150,10.3,05:49,90,30,,4442.80,,,
,00:25:35,150,10.4,05:46,89,30,,4446.10,,,
,00:25:36,150,10.6,05:40,89,31,,4449.40,,,
,00:25:37,150,10.7,05:35,90,31,,4452.80,,,
,00:25:38,150,10.9,05:31,90,31,,4455.90,,,
,00:25:39,151,11.0,05:28,90,31,,4459.20,,,
,00:25:40,151,10.9,05:30,90,31,,4462.40,,,
,00:25:41,150,10.8,05:34,90,31,,4465.60,,,
,00:25:42,150,10.7,05:38,90,32,,4468.60,,,
,00:25:43,150,10.6,05:40,90,32,,4471.70,,,
,00:25:44,150,10.5,05:43,90,32,,4474.90,,,
,00:25:45,149,10.5,05:44,92,32,,4478.00,,,
,00:25:46,149,10.4,05:45,92,32,,4480.90,,,
,00:25:47,149,10.4,05:45,93,32,,4484.00,,,
,00:25:48,149,10.4,05:45,93,32,,4487.00,,,
,00:25:49,149,10.4,05:46,91,33,,4490.10,,,
,00:25:50,149,10.4,05:47,91,33,,4493.20,,,
,00:25:51,149,10.4,05:47,91,33,,4496.30,,,
,00:25:52,149,10.4,05:46,91,33,,4499.40,,,
,00:25:53,149,10.5,05:43,91,33,,4502.60,,,
,00:25:54,148,10.6,05:40,91,33,,4505.80,,,
,00:25:55,148,10.7,05:35,91,33,,4509.00,,,
,00:25:56,148,10.8,05:32,91,33,,4512.20,,,
,00:25:57,148,10.9,05:29,91,33,,4515.70,,,
,00:25:58,148,11.0,05:27,91,33,,4519.20,,,
,00:25:59,148,11.1,05:26,91,33,,4522.70,,,
,00:26:00,149,11.1,05:26,91,33,,4526.10,,,
,00:26:01,149,11.0,05:26,91,33,,4529.70,,,
,00:26:02,149,11.0,05:27,91,33,,4533.00,,,
,00:26:03,149,11.0,05:27,92,33,,4536.20,,,
,00:26:04,149,11.0,05:27,93,33,,4539.40,,,
,00:26:05,149,11.0,05:27,93,33,,4542.50,,,
,00:26:06,149,11.0,05:27,93,33,,4545.70,,,
,00:26:07,149,11.0,05:27,91,33,,4548.80,,,
,00:26:08,149,11.0,05:26,92,33,,4551.80,,,
,00:26:09,149,11.0,05:26,91,32,,4555.10,,,
,00:26:10,149,11.1,05:25,93,32,,4558.40,,,
,00:26:11,149,11.1,05:25,93,32,,4561.80,,,
,00:26:12,149,11.1,05:24,91,32,,4565.10,,,
,00:26:13,149,11.1,05:24,91,32,,4568.70,,,
,00:26:14,149,11.1,05:23,91,32,,4572.20,,,
,00:26:15,150,11.2,05:23,91,32,,4575.60,,,
,00:26:16,150,11.2,05:22,91,32,,4578.90,,,
,00:26:17,150,11.2,05:21,91,32,,4582.30,,,
,00:26:18,150,11.3,05:20,91,32,,4585.70,,,
,00:26:19,150,11.3,05:18,91,32,,4588.90,,,
,00:26:20,150,11.4,05:17,91,32,,4592.10,,,
,00:26:21,151,11.4,05:16,91,32,,4595.30,,,
,00:26:22,151,11.4,05:15,91,32,,4598.50,,,
,00:26:23,151,11.5,05:14,91,32,,4601.80,,,
,00:26:24,151,11.5,05:13,91,32,,4604.90,,,
,00:26:25,151,11.5,05:13,91,32,,4608.10,,,
,00:26:26,151,11.5,05:12,91,31,,4611.60,,,
,00:26:27,151,11.5,05:12,91,31,,4614.80,,,
,00:26:28,151,11.6,05:11,91,31,,4618.00,,,
,00:26:29,151,11.6,05:11,91,31,,4621.30,,,
,00:26:30,152,11.6,05:10,91,31,,4624.60,,,
,00:26:31,152,11.6,05:10,91,31,,4627.90,,,
,00:26:32,152,11.6,05:10,91,31,,4631.30,,,
,00:26:33,152,11.6,05:10,91,31,,4635.10,,,
,00:26:34,151,11.6,05:09,91,31,,4638.10,,,
,00:26:35,151,11.6,05:09,91,31,,4641.10,,,
,00:26:36,151,11.7,05:09,91,31,,4644.30,,,
,00:26:37,151,11.7,05:09,91,31,,4647.50,,,
,00:26:38,151,11.7,05:09,91,31,,4650.60,,,
,00:26:39,151,11.7,05:09,91,31,,4653.70,,,
,00:26:40,151,11.7,05:09,90,31,,4656.70,,,
,00:26:41,151,11.7,05:09,90,31,,4659.60,,,
,00:26:42,151,11.7,05:09,90,31,,4662.20,,,
,00:26:43,151,11.7,05:09,90,31,,4665.60,,,
,00:26:44,151,11.7,05:09,90,31,,4668.70,,,
,00:26:45,151,11.6,05:12,90,31,,4671.70,,,
,00:26:46,150,11.3,05:18,90,31,,4674.40,,,
,00:26:47,150,11.1,05:24,89,31,,4677.10,,,
,00:26:48,150,11.1,05:25,90,31,,4679.70,,,
,00:26:49,150,11.2,05:22,89,31,,4682.80,,,
,00:26:50,150,11.2,05:22,90,31,,4685.90,,,
,00:26:51,150,11.1,05:23,90,,,4689.00,,,
,00:26:52,151,11.4,05:16,90,31,,4691.90,,,
,00:26:53,150,11.1,05:23,90,31,,4691.90,,,
,00:26:54,150,11.0,05:27,90,31,,4692.00,,,
,00:26:55,150,11.1,05:24,90,31,,4692.00,,,
,00:26:56,150,10.9,05:31,90,31,,4696.21,,,
,00:26:57,150,10.6,05:40,90,31,,4700.43,,,
,00:26:58,149,10.6,05:41,90,31,,4704.64,,,
,00:26:59,149,10.7,05:37,90,31,,4708.85,,,
,00:27:00,149,10.9,05:32,90,31,,4712.60,,,
,00:27:01,148,11.0,05:28,90,31,,4716.10,,,
,00:27:02,149,11.1,05:26,90,31,,4717.90,,,
,00:27:03,149,11.1,05:24,90,31,,4720.50,,,
,00:27:04,149,11.2,05:23,90,31,,4723.00,,,
,00:27:05,149,11.2,05:21,90,31,,4725.00,,,
,00:27:06,149,11.3,05:20,90,31,,4727.90,,,
,00:27:07,150,11.3,05:18,90,31,,4731.40,,,
,00:27:08,150,11.4,05:17,90,31,,4734.90,,,
,00:27:09,150,11.4,05:16,90,31,,4738.30,,,
,00:27:10,150,11.4,05:15,90,31,,4741.70,,,
,00:27:11,150,11.5,05:14,90,31,,4745.20,,,
,00:27:12,150,11.5,05:14,90,31,,4748.70,,,
,00:27:13,149,11.5,05:14,90,31,,4752.10,,,
,00:27:14,149,11.4,05:15,90,31,,4755.20,,,
,00:27:15,149,11.4,05:15,90,31,,4758.20,,,
,00:27:16,149,11.4,05:16,90,31,,4761.20,,,
,00:27:17,149,11.4,05:16,90,31,,4764.30,,,
,00:27:18,149,11.4,05:17,90,31,,4766.90,,,
,00:27:19,149,11.4,05:17,89,31,,4769.60,,,
,00:27:20,148,11.3,05:18,90,31,,4772.60,,,
,00:27:21,148,11.3,05:18,90,32,,4775.60,,,
,00:27:22,148,11.3,05:18,90,32,,4778.90,,,
,00:27:23,147,11.3,05:19,90,32,,4782.10,,,
,00:27:24,147,11.3,05:19,90,32,,4785.40,,,
,00:27:25,147,11.4,05:17,90,32,,4788.80,,,
,00:27:26,147,11.5,05:12,90,32,,4792.50,,,
,00:27:27,147,11.7,05:07,90,32,,4796.30,,,
,00:27:28,147,11.8,05:05,90,32,,4800.10,,,
,00:27:29,147,11.8,05:05,92,32,,4803.80,,,
,00:27:30,147,11.8,05:04,92,32,,4807.50,,,
,00:27:31,147,12.0,05:01,91,32,,4811.30,,,
,00:27:32,147,12.1,04:58,91,32,,4815.10,,,
,00:27:33,147,12.1,04:57,91,32,,4818.80,,,
,00:27:34,147,12.1,04:58,92,32,,4822.40,,,
,00:27:35,147,12.0,05:00,93,32,,4825.80,,,
,00:27:36,147,11.9,05:03,93,32,,4829.30,,,
,00:27:37,147,11.8,05:06,93,32,,4832.70,,,
,00:27:38,147,11.7,05:08,93,32,,4836.00,,,
,00:27:39,147,11.6,05:10,93,32,,4839.10,,,
,00:27:40,147,11.5,05:12,93,32,,4842.00,,,
,00:27:41,148,11.5,05:13,93,32,,4845.10,,,
,00:27:42,148,11.5,05:14,91,32,,4848.20,,,
,00:27:43,148,11.4,05:15,91,32,,4851.20,,,
,00:27:44,148,11.4,05:16,91,32,,4854.20,,,
,00:27:45,148,11.4,05:16,91,31,,4857.10,,,
,00:27:46,149,11.4,05:17,91,31,,4860.00,,,
,00:27:47,149,11.3,05:17,91,31,,4863.00,,,
,00:27:48,149,11.3,05:18,91,31,,4866.10,,,
,00:27:49,150,11.3,05:18,91,31,,4869.50,,,
,00:27:50,150,11.3,05:18,91,31,,4872.50,,,
,00:27:51,150,11.4,05:17,91,31,,4875.70,,,
,00:27:52,150,11.4,05:17,91,31,,4878.80,,,
,00:27:53,150,11.4,05:16,91,31,,4882.10,,,
,00:27:54,150,11.4,05:16,92,31,,4885.40,,,
,00:27:55,151,11.4,05:16,93,31,,4888.50,,,
,00:27:56,151,11.4,05:16,93,31,,4891.70,,,
,00:27:57,151,11.4,05:16,92,30,,4894.70,,,
,00:27:58,151,11.4,05:15,91,30,,4897.70,,,
,00:27:59,151,11.4,05:15,91,30,,4900.80,,,
,00:28:00,151,11.4,05:15,91,30,,4903.80,,,
,00:28:01,151,11.4,05:15,91,30,,4906.70,,,
,00:28:02,151,11.4,05:15,93,30,,4909.60,,,
,00:28:03,151,11.4,05:15,93,30,,4912.60,,,
,00:28:04,151,11.4,05:15,93,30,,4915.90,,,
,00:28:05,151,11.4,05:15,92,30,,4919.10,,,
,00:28:06,151,11.4,05:15,91,30,,4922.40,,,
,00:28:07,151,11.4,05:15,91,30,,4925.70,,,
,00:28:08,151,11.4,05:15,91,30,,4929.30,,,
,00:28:09,151,11.4,05:15,91,30,,4932.20,,,
,00:28:10,152,11.4,05:15,91,30,,4935.50,,,
,00:28:11,152,11.4,05:15,91,30,,4939.10,,,
,00:28:12,152,11.4,05:15,91,30,,4942.60,,,
,00:28:13,152,11.4,05:15,91,30,,4946.00,,,
,00:28:14,152,11.3,05:18,91,30,,4948.70,,,
,00:28:15,152,11.2,05:23,92,30,,4951.50,,,
,00:28:16,152,11.1,05:24,93,29,,4954.50,,,
,00:28:17,152,11.2,05:22,92,29,,4957.10,,,
,00:28:18,153,11.2,05:21,93,29,,4960.70,,,
,00:28:19,153,11.3,05:20,92,29,,4963.90,,,
,00:28:20,153,11.3,05:18,91,29,,4966.90,,,
,00:28:21,153,11.3,05:18,93,29,,4969.90,,,
,00:28:22,153,11.4,05:17,92,29,,4972.80,,,
,00:28:23,153,11.4,05:16,93,29,,4976.50,,,
,00:28:24,154,11.4,05:16,92,29,,4980.30,,,
,00:28:25,154,11.4,05:15,91,29,,4983.70,,,
,00:28:26,154,11.4,05:15,91,29,,4987.20,,,
,00:28:27,154,11.4,05:15,91,29,,4990.40,,,
,00:28:28,154,11.4,05:15,91,29,,4993.70,,,
,00:28:29,154,11.4,05:15,91,29,,4997.00,,,
,00:28:30,154,11.5,05:14,91,29,,5000.40,,,
,00:28:31,154,11.5,05:14,91,29,,5003.70,,,
,00:28:32,153,11.5,05:14,91,29,,5007.10,,,
,00:28:33,153,11.5,05:14,91,29,,5010.50,,,
,00:28:34,153,11.5,05:14,91,29,,5014.10,,,
,00:28:35,153,11.5,05:14,91,29,,5017.50,,,
,00:28:36,154,11.5,05:14,91,29,,5020.80,,,
,00:28:37,153,11.5,05:14,92,29,,5024.20,,,
,00:28:38,153,11.5,05:14,93,29,,5027.40,,,
,00:28:39,154,11.5,05:13,93,29,,5030.70,,,
,00:28:40,154,11.5,05:13,92,29,,5034.00,,,
,00:28:41,154,11.5,05:13,91,29,,5037.20,,,
,00:28:42,154,11.5,05:12,91,29,,5040.20,,,
,00:28:43,154,11.5,05:12,91,29,,5043.30,,,
,00:28:44,154,11.6,05:12,91,28,,5046.50,,,
,00:28:45,154,11.6,05:11,92,28,,5049.90,,,
,00:28:46,154,11.6,05:11,93,28,,5053.10,,,
,00:28:47,154,11.6,05:11,92,28,,5056.50,,,
,00:28:48,155,11.6,05:11,91,28,,5060.00,,,
,00:28:49,155,11.6,05:10,91,28,,5063.60,,,
,00:28:50,155,11.6,05:10,91,28,,5066.90,,,
,00:28:51,155,11.6,05:10,91,28,,5070.20,,,
,00:28:52,156,11.6,05:10,91,28,,5073.60,,,
,00:28:53,156,11.6,05:09,91,28,,5077.20,,,
,00:28:54,156,11.6,05:09,91,28,,5080.40,,,
,00:28:55,156,11.7,05:09,91,28,,5083.60,,,
,00:28:56,156,11.7,05:09,92,29,,5087.30,,,
,00:28:57,156,11.7,05:08,93,29,,5090.40,,,
,00:28:58,157,11.7,05:08,91,29,,5093.40,,,
,00:28:59,157,11.7,05:08,90,29,,5096.60,,,
,00:29:00,157,11.7,05:08,89,29,,5099.80,,,
,00:29:01,157,11.7,05:08,89,29,,5102.80,,,
,00:29:02,157,11.7,05:08,89,29,,5106.20,,,
,00:29:03,157,11.7,05:09,89,29,,5109.20,,,
,00:29:04,157,11.4,05:14,87,29,,5111.60,,,
,00:29:05,157,11.0,05:26,86,30,,5114.10,,,
,00:29:06,158,10.7,05:37,86,30,,5116.40,,,
,00:29:07,158,10.5,05:42,88,30,,5118.90,,,
,00:29:08,158,10.5,05:43,88,30,,5121.40,,,
,00:29:09,158,10.5,05:42,88,30,,5124.10,,,
,00:29:10,158,10.5,05:42,88,30,,5126.60,,,
,00:29:11,158,10.4,05:46,88,30,,5128.80,,,
,00:29:12,158,10.2,05:52,88,31,,5131.30,,,
,00:29:13,158,10.0,06:00,88,31,,5134.00,,,
,00:29:14,158,9.8,06:09,88,31,,5136.90,,,
,00:29:15,158,9.7,06:10,88,31,,5139.20,,,
,00:29:16,158,9.8,06:08,87,31,,5142.10,,,
,00:29:17,158,9.9,06:03,87,31,,5144.70,,,
,00:29:18,158,10.1,05:57,86,32,,5147.60,,,
,00:29:19,158,10.1,05:56,87,32,,5150.40,,,
,00:29:20,158,10.0,05:59,87,32,,5152.90,,,
,00:29:21,158,9.9,06:02,86,32,,5155.60,,,
,00:29:22,158,9.9,06:05,86,32,,5158.40,,,
,00:29:23,158,9.7,06:09,86,32,,5160.90,,,
,00:29:24,158,9.6,06:16,88,33,,5163.60,,,
,00:29:25,158,9.3,06:26,88,33,,5165.90,,,
,00:29:26,158,8.8,06:51,88,33,,5168.20,,,
,00:29:27,158,8.8,06:51,88,33,,5170.00,,,
,00:29:28,158,8.4,07:08,88,33,,5172.10,,,
,00:29:29,158,8.6,07:01,88,34,,5174.80,,,
,00:29:30,157,8.8,06:48,88,34,,5177.40,,,
,00:29:31,157,9.2,06:33,88,34,,5179.80,,,
,00:29:32,157,9.4,06:22,88,34,,5182.30,,,
,00:29:33,157,9.6,06:15,88,34,,5185.10,,,
,00:29:34,157,9.8,06:09,89,35,,5188.20,,,
,00:29:35,156,9.9,06:05,90,35,,5191.10,,,
,00:29:36,156,10.0,06:01,89,35,,5194.20,,,
,00:29:37,157,10.0,05:59,90,35,,5197.60,,,
,00:29:38,156,10.3,05:50,90,35,,5200.90,,,
,00:29:39,156,10.7,05:37,90,35,,5203.90,,,
,00:29:40,156,10.9,05:32,89,35,,5208.11,,,
,00:29:41,156,10.8,05:34,89,35,,5212.00,,,
,00:29:42,156,10.7,05:37,89,35,,5215.30,,,
,00:29:43,156,10.5,05:42,89,35,,5218.20,,,
,00:29:44,156,10.4,05:48,90,35,,5221.10,,,
,00:29:45,156,10.3,05:51,90,36,,5223.90,,,
,00:29:46,156,10.2,05:51,90,36,,5226.80,,,
,00:29:47,156,10.2,05:52,90,36,,5229.60,,,
,00:29:48,156,10.2,05:53,89,36,,5232.60,,,
,00:29:49,156,10.2,05:54,89,36,,5234.40,,,
,00:29:50,156,10.1,05:55,89,36,,5237.00,,,
,00:29:51,156,10.1,05:56,89,36,,5239.90,,,
,00:29:52,156,10.2,05:54,89,36,,5243.20,,,
,00:29:53,156,10.3,05:50,89,36,,5246.60,,,
,00:29:54,156,10.5,05:44,89,36,,5250.00,,,
,00:29:55,156,10.6,05:41,89,36,,5252.90,,,
,00:29:56,155,10.5,05:43,89,36,,5255.90,,,
,00:29:57,155,10.6,05:41,89,36,,5259.00,,,
,00:29:58,155,10.8,05:33,89,36,,5262.40,,,
,00:29:59,155,10.9,05:29,89,36,,5265.90,,,
,00:30:00,155,10.9,05:29,89,36,,5269.50,,,
,00:30:01,155,10.9,05:32,90,36,,5272.30,,,
,00:30:02,154,10.7,05:37,89,36,,5275.10,,,
,00:30:03,154,10.6,05:39,89,36,,5278.10,,,
,00:30:04,154,10.7,05:38,89,37,,5281.40,,,
,00:30:05,154,10.8,05:34,89,37,,5284.60,,,
,00:30:06,154,10.9,05:29,89,37,,5287.80,,,
,00:30:07,153,11.1,05:25,90,37,,5290.80,,,
,00:30:08,153,11.3,05:18,90,37,,5294.00,,,
,00:30:09,153,11.8,05:06,90,37,,5298.20,,,
,00:30:10,152,12.7,04:42,90,37,,5302.41,,,
,00:30:11,152,12.7,04:42,90,37,,5306.63,,,
,00:30:12,151,13.2,04:32,90,37,,5310.30,,,
,00:30:13,151,13.0,04:37,90,37,,5313.90,,,
,00:30:14,150,12.8,04:41,90,37,,5317.40,,,
,00:30:15,150,12.7,04:43,90,37,,5321.00,,,
,00:30:16,149,12.6,04:45,89,37,,5324.80,,,
,00:30:17,149,12.5,04:47,89,37,,5328.20,,,
,00:30:18,149,12.4,04:51,89,37,,5330.80,,,
,00:30:19,149,12.1,04:58,90,37,,5333.60,,,
,00:30:20,149,11.9,05:03,90,37,,5335.80,,,
,00:30:21,148,11.7,05:07,90,37,,5339.00,,,
,00:30:22,148,11.6,05:11,90,37,,5342.10,,,
,00:30:23,148,11.5,05:14,90,36,,5345.00,,,
,00:30:24,147,11.4,05:16,90,36,,5347.60,,,
,00:30:25,147,11.4,05:17,90,36,,5350.20,,,
,00:30:26,147,11.3,05:18,90,36,,5352.90,,,
,00:30:27,147,11.3,05:19,90,36,,5355.60,,,
,00:30:28,148,11.3,05:19,90,36,,5359.20,,,
,00:30:29,148,11.5,05:14,90,36,,5362.30,,,
,00:30:30,148,11.7,05:08,90,36,,5365.80,,,
,00:30:31,149,11.8,05:05,90,35,,5369.50,,,
,00:30:32,149,11.8,05:06,90,35,,5373.40,,,
,00:30:33,149,11.7,05:08,90,35,,5377.20,,,
,00:30:34,150,11.6,05:10,90,35,,5380.30,,,
,00:30:35,150,11.6,05:11,90,35,,5383.50,,,
,00:30:36,150,11.5,05:13,90,35,,5386.70,,,
,00:30:37,150,11.5,05:14,90,35,,5389.20,,,
,00:30:38,151,11.4,05:14,90,35,,5393.00,,,
,00:30:39,151,11.4,05:15,90,35,,5396.20,,,
,00:30:40,151,11.4,05:16,90,35,,5398.90,,,
,00:30:41,151,11.4,05:16,89,34,,5401.80,,,
,00:30:42,151,11.4,05:16,89,34,,5404.90,,,
,00:30:43,152,11.4,05:17,89,34,,5408.20,,,
,00:30:44,152,11.3,05:19,89,34,,5411.70,,,
,00:30:45,152,11.1,05:26,89,34,,5414.40,,,
,00:30:46,152,10.7,05:35,89,34,,5417.00,,,
,00:30:47,152,10.5,05:42,89,34,,5419.30,,,
,00:30:48,152,10.5,05:42,90,35,,5421.90,,,
,00:30:49,153,10.7,05:38,90,35,,5424.40,,,
,00:30:50,153,10.8,05:34,90,35,,5427.20,,,
,00:30:51,153,10.9,05:31,90,35,,5430.00,,,
,00:30:52,154,11.0,05:29,90,35,,5432.90,,,
,00:30:53,154,11.0,05:26,90,35,,5435.60,,,
,00:30:54,154,11.1,05:24,90,35,,5439.30,,,
,00:30:55,155,11.2,05:22,90,35,,5443.10,,,
,00:30:56,155,11.2,05:21,90,35,,5446.50,,,
,00:30:57,155,11.3,05:20,90,35,,5449.70,,,
,00:30:58,155,11.3,05:19,90,35,,5453.20,,,
,00:30:59,156,11.3,05:18,90,35,,5456.40,,,
,00:31:00,156,11.3,05:18,90,35,,5459.40,,,
,00:31:01,156,11.3,05:18,90,35,,5462.60,,,
,00:31:02,157,11.3,05:18,90,35,,5465.70,,,
,00:31:03,157,11.5,05:12,90,35,,5468.80,,,
,00:31:04,157,11.9,05:03,90,35,,5473.01,,,
,00:31:05,157,12.4,04:51,90,35,,5477.20,,,
,00:31:06,158,12.8,04:40,90,35,,5481.10,,,
,00:31:07,158,12.8,04:40,90,35,,5485.31,,,
,00:31:08,158,12.7,04:44,90,35,,5489.53,,,
,00:31:09,158,12.5,04:48,90,35,,5493.74,,,
,00:31:10,158,12.3,04:52,90,35,,5497.95,,,
,00:31:11,158,12.2,04:56,90,35,,5502.10,,,
,00:31:12,158,12.0,04:59,90,35,,5505.50,,,
,00:31:13,158,11.9,05:01,90,35,,5508.20,,,
,00:31:14,159,11.9,05:04,90,35,,5511.10,,,
,00:31:15,159,11.8,05:05,90,35,,5514.30,,,
,00:31:16,159,11.7,05:07,90,35,,5517.30,,,
,00:31:17,159,11.7,05:07,90,35,,5520.50,,,
,00:31:18,159,11.8,05:05,90,35,,5523.80,,,
,00:31:19,159,11.8,05:05,90,34,,5527.20,,,
,00:31:20,159,11.8,05:04,90,34,,5530.80,,,
,00:31:21,159,11.9,05:03,90,34,,5534.50,,,
,00:31:22,158,11.9,05:03,90,34,,5538.30,,,
,00:31:23,158,11.9,05:02,92,34,,5541.70,,,
,00:31:24,158,11.9,05:02,91,34,,5545.60,,,
,00:31:25,157,11.9,05:03,91,34,,5548.80,,,
,00:31:26,157,11.9,05:03,91,34,,5552.30,,,
,00:31:27,157,11.9,05:03,91,34,,5556.00,,,
,00:31:28,157,11.9,05:03,91,34,,5559.60,,,
,00:31:29,157,11.9,05:03,91,33,,5563.00,,,
,00:31:30,156,11.9,05:02,91,33,,5566.40,,,
,00:31:31,156,11.9,05:02,91,33,,5569.30,,,
,00:31:32,156,11.9,05:02,91,33,,5573.00,,,
,00:31:33,156,11.9,05:02,91,33,,5576.40,,,
,00:31:34,156,11.9,05:02,91,33,,5579.70,,,
,00:31:35,155,12.0,05:01,92,33,,5583.20,,,
,00:31:36,155,12.0,05:00,93,33,,5587.10,,,
,00:31:37,155,12.0,04:59,93,33,,5590.20,,,
,00:31:38,155,12.1,04:59,93,33,,5593.60,,,
,00:31:39,155,12.1,04:58,92,33,,5597.00,,,
,00:31:40,155,12.1,04:58,91,33,,5600.50,,,
,00:31:41,155,12.1,04:57,92,32,,5603.90,,,
,00:31:42,155,12.1,04:57,91,32,,5607.40,,,
,00:31:43,155,12.1,04:57,93,32,,5610.70,,,
,00:31:44,155,12.2,04:56,92,32,,5613.90,,,
,00:31:45,155,12.2,04:56,91,32,,5617.20,,,
,00:31:46,154,12.2,04:56,91,32,,5620.40,,,
,00:31:47,154,12.1,04:58,92,32,,5623.60,,,
,00:31:48,154,12.0,05:00,93,32,,5627.20,,,
,00:31:49,154,12.0,04:59,91,32,,5630.20,,,
,00:31:50,154,12.1,04:59,91,32,,5633.40,,,
,00:31:51,153,12.1,04:58,91,32,,5636.70,,,
,00:31:52,153,12.1,04:57,91,32,,5640.00,,,
,00:31:53,153,12.2,04:56,91,31,,5643.50,,,
,00:31:54,153,12.2,04:55,91,31,,5646.60,,,
,00:31:55,153,12.3,04:54,91,31,,5650.60,,,
,00:31:56,153,12.3,04:53,93,31,,5654.70,,,
,00:31:57,153,12.3,04:52,93,31,,5657.90,,,
,00:31:58,153,12.3,04:52,93,31,,5662.11,,,
,00:31:59,154,12.4,04:51,93,31,,5665.90,,,
,00:32:00,154,12.4,04:51,93,31,,5669.60,,,
,00:32:01,154,12.4,04:51,92,31,,5673.20,,,
,00:32:02,154,12.4,04:50,91,31,,5677.00,,,
,00:32:03,154,12.4,04:50,91,31,,5680.10,,,
,00:32:04,154,12.4,04:50,93,31,,5683.60,,,
,00:32:05,154,12.4,04:50,93,30,,5687.00,,,
,00:32:06,154,12.4,04:50,91,30,,5690.50,,,
,00:32:07,154,12.4,04:50,91,30,,5693.60,,,
,00:32:08,153,12.4,04:50,91,30,,5697.60,,,
,00:32:09,154,12.4,04:50,93,30,,5701.30,,,
,00:32:10,154,12.4,04:50,92,30,,5705.30,,,
,00:32:11,154,12.4,04:50,91,30,,5708.40,,,
,00:32:12,154,12.4,04:50,91,30,,5712.61,,,
,00:32:13,154,12.4,04:49,91,30,,5716.40,,,
,00:32:14,154,12.5,04:49,91,30,,5720.00,,,
,00:32:15,155,12.5,04:48,91,30,,5723.50,,,
,00:32:16,155,12.6,04:46,91,30,,5727.00,,,
,00:32:17,155,12.8,04:41,91,30,,5730.90,,,
,00:32:18,155,13.0,04:37,91,30,,5735.10,,,
,00:32:19,155,13.1,04:35,91,30,,5738.50,,,
,00:32:20,155,12.8,04:40,93,30,,5742.10,,,
,00:32:21,155,11.1,05:24,93,30,,5744.10,,,
,00:32:22,156,11.1,05:24,93,30,,5745.50,,,
,00:32:23,156,9.4,06:21,93,30,,5747.40,,,
,00:32:24,156,9.6,06:14,93,30,,5749.60,,,
,00:32:25,156,10.0,06:00,93,30,,5751.60,,,
,00:32:26,156,10.5,05:42,93,31,,5752.60,,,
,00:32:27,156,11.1,05:25,93,31,,5754.80,,,
,00:32:28,157,11.6,05:09,93,31,,5757.80,,,
,00:32:29,157,12.1,04:58,93,31,,5762.01,,,
,00:32:30,157,12.6,04:46,93,31,,5766.23,,,
,00:32:31,157,13.1,04:35,93,31,,5770.44,,,
,00:32:32,157,13.5,04:26,93,31,,5774.65,,,
,00:32:33,157,14.0,04:17,93,31,,5778.87,,,
,00:32:34,157,14.4,04:10,93,31,,5783.08,,,
,00:32:35,156,14.6,04:06,93,31,,5787.29,,,
,00:32:36,156,14.8,04:04,92,31,,5791.50,,,
,00:32:37,156,14.8,04:03,93,31,,5795.72,,,
,00:32:38,156,14.6,04:07,91,31,,5799.93,,,
,00:32:39,156,14.3,04:12,91,31,,5804.14,,,
,00:32:40,156,14.1,04:16,91,31,,5808.36,,,
,00:32:41,157,13.9,04:19,92,31,,5812.57,,,
,00:32:42,157,13.8,04:21,92,31,,5816.78,,,
,00:32:43,157,13.7,04:23,91,32,,5821.00,,,
,00:32:44,157,13.6,04:24,91,32,,5825.21,,,
,00:32:45,157,13.6,04:25,91,32,,5829.42,,,
,00:32:46,157,13.6,04:25,93,32,,5833.63,,,
,00:32:47,157,13.6,04:25,93,32,,5837.85,,,
,00:32:48,157,13.6,04:26,93,32,,5842.06,,,
,00:32:49,157,13.6,04:26,91,32,,5846.27,,,
,00:32:50,156,13.6,04:26,91,32,,5850.49,,,
,00:32:51,156,13.6,04:26,91,32,,5854.70,,,
,00:32:52,156,13.6,04:26,90,32,,5858.91,,,
,00:32:53,156,13.6,04:26,89,32,,5863.13,,,
,00:32:54,156,13.3,04:30,87,32,,5867.34,,,
,00:32:55,157,12.9,04:38,86,32,,5870.70,,,
,00:32:56,157,12.6,04:45,86,31,,5873.80,,,
,00:32:57,157,12.3,04:53,86,31,,5877.10,,,
,00:32:58,157,12.0,04:59,86,31,,5879.50,,,
,00:32:59,157,11.7,05:08,86,31,,5881.90,,,
,00:33:00,157,11.3,05:18,86,31,,5884.30,,,
,00:33:01,156,11.0,05:27,86,31,,5886.30,,,
,00:33:02,155,9.7,06:12,86,31,,5888.40,,,
,00:33:03,155,8.4,07:11,86,31,,5890.40,,,
